product_id,category,price,brand,weight_kg,month,day_of_week,quarter,is_holiday,supplier,warehouse_location,discount_percent,stock_available,quantity_sold
14,Electronics,518.36,BrandA,2.35,11,5,4,0,SupplierC,Surabaya,21.1,30,103
54,Sports,363.69,BrandA,17.68,4,3,2,0,SupplierC,Bandung,43.47,777,164
44,Clothing,43.76,BrandD,2.88,2,0,1,0,SupplierB,Surabaya,42.37,618,229
80,Furniture,707.24,BrandA,42.32,6,4,2,0,SupplierB,Jakarta,2.29,233,25
47,Food,33.51,BrandA,9.18,3,2,1,0,SupplierA,Jakarta,13.35,959,393
82,Clothing,85.2,BrandB,2.97,12,4,4,0,SupplierA,Medan,42.14,794,337
73,Electronics,721.51,BrandB,1.27,12,2,4,0,SupplierA,Surabaya,19.78,936,70
75,Clothing,153.2,BrandB,1.34,7,2,3,0,SupplierC,Surabaya,6.92,505,116
55,Electronics,1015.68,BrandA,11.94,10,0,4,0,SupplierA,Bandung,49.81,541,60
38,Electronics,1199.18,BrandA,5.3,7,1,3,1,SupplierC,Surabaya,36.1,736,69
82,Food,70.29,BrandB,6.11,9,4,3,0,SupplierC,Jakarta,38.13,552,393
40,Electronics,345.43,BrandC,5.64,4,0,2,0,SupplierB,Jakarta,47.35,87,85
71,Furniture,241.23,BrandA,26.39,3,2,1,0,SupplierC,Bandung,21.16,216,55
16,Clothing,96.05,BrandC,1.6,4,1,2,0,SupplierB,Surabaya,29.42,235,204
9,Sports,359.76,BrandB,1.94,1,6,1,0,SupplierA,Jakarta,11.9,685,70
13,Sports,407.6,BrandD,5.17,11,3,4,0,SupplierA,Medan,23.35,746,148
14,Electronics,1146.68,BrandA,12.07,4,1,2,0,SupplierA,Medan,7.01,187,33
2,Electronics,265.76,BrandD,14.99,2,6,1,0,SupplierC,Jakarta,20.32,492,64
34,Clothing,85.11,BrandD,2.96,8,2,3,0,SupplierA,Bandung,36.53,802,201
70,Clothing,194.21,BrandB,1.78,1,5,1,0,SupplierB,Bandung,29.21,514,81
9,Sports,428.64,BrandB,2.18,11,6,4,0,SupplierA,Jakarta,47.08,583,190
92,Sports,468.66,BrandA,5.5,6,1,2,0,SupplierB,Surabaya,33.58,307,122
13,Furniture,604.11,BrandC,49.93,2,4,1,0,SupplierA,Jakarta,6.62,357,24
79,Food,67.53,BrandC,14.13,11,4,4,0,SupplierA,Medan,27.73,954,290
20,Electronics,1356.63,BrandB,11.21,5,2,2,0,SupplierB,Jakarta,17.14,703,28
6,Furniture,797.71,BrandC,42.32,1,2,1,0,SupplierA,Jakarta,48.99,165,23
89,Furniture,223.06,BrandD,47.53,3,4,1,0,SupplierC,Jakarta,29.13,151,47
46,Food,56.16,BrandA,13.41,9,6,3,0,SupplierB,Bandung,37.47,947,429
43,Clothing,19.59,BrandB,2.24,7,6,3,0,SupplierA,Medan,40.54,273,440
45,Furniture,319.53,BrandA,46.33,5,6,2,0,SupplierB,Bandung,11.15,675,49
36,Clothing,174.91,BrandD,2.9,6,5,2,0,SupplierB,Surabaya,49.06,549,178
45,Food,7.87,BrandB,12.01,12,6,4,0,SupplierC,Surabaya,49.21,118,500
69,Furniture,879.66,BrandB,5.08,11,5,4,0,SupplierB,Jakarta,9.85,441,38
40,Food,58.98,BrandC,6.15,11,3,4,0,SupplierC,Jakarta,14.78,130,406
79,Clothing,140.3,BrandD,2.72,10,2,4,0,SupplierC,Medan,0.02,293,131
61,Sports,232.24,BrandC,5.74,12,1,4,0,SupplierB,Medan,25.77,648,287
26,Sports,342.94,BrandC,6.0,3,0,1,0,SupplierA,Bandung,23.76,870,137
84,Sports,257.3,BrandB,6.48,12,0,4,1,SupplierC,Medan,43.02,906,280
60,Electronics,1245.34,BrandD,10.53,1,4,1,0,SupplierA,Bandung,6.07,136,22
21,Sports,418.67,BrandC,13.92,12,6,4,0,SupplierB,Medan,37.59,860,141
37,Food,25.59,BrandD,1.73,4,2,2,0,SupplierC,Bandung,27.01,141,500
54,Clothing,90.41,BrandB,1.67,1,1,1,0,SupplierA,Medan,45.24,598,215
50,Electronics,1425.56,BrandD,4.69,7,4,3,0,SupplierB,Jakarta,39.99,919,36
52,Furniture,469.74,BrandD,35.56,12,1,4,0,SupplierA,Medan,6.38,637,45
60,Sports,60.29,BrandA,11.0,3,0,1,0,SupplierB,Jakarta,10.58,334,165
7,Food,40.27,BrandD,15.03,6,1,2,0,SupplierB,Jakarta,47.86,41,500
61,Electronics,1007.74,BrandB,3.81,11,0,4,0,SupplierA,Jakarta,23.25,262,62
40,Sports,71.89,BrandA,1.13,10,5,4,0,SupplierA,Surabaya,35.75,77,256
16,Sports,428.14,BrandB,15.21,10,6,4,0,SupplierA,Surabaya,21.42,379,135
59,Electronics,763.58,BrandD,5.62,12,1,4,0,SupplierB,Jakarta,26.09,666,84
42,Food,66.93,BrandD,11.93,4,6,2,0,SupplierB,Medan,22.54,768,237
28,Furniture,1036.05,BrandC,13.18,6,6,2,0,SupplierA,Medan,44.02,718,30
63,Food,11.42,BrandA,14.46,9,6,3,0,SupplierC,Bandung,32.3,502,500
61,Food,27.97,BrandB,11.71,9,4,3,0,SupplierB,Bandung,37.3,338,500
25,Food,23.86,BrandD,2.59,6,0,2,0,SupplierB,Surabaya,38.11,189,500
39,Food,27.22,BrandC,7.35,1,5,1,0,SupplierA,Bandung,2.28,55,353
14,Sports,326.18,BrandC,18.94,1,4,1,0,SupplierC,Bandung,22.02,188,107
88,Furniture,640.92,BrandA,30.97,1,1,1,0,SupplierA,Medan,47.46,87,29
29,Clothing,127.17,BrandA,2.39,9,3,3,0,SupplierC,Medan,14.87,602,184
28,Sports,474.84,BrandA,5.59,5,5,2,0,SupplierC,Jakarta,8.69,76,81
5,Clothing,142.53,BrandA,1.46,4,2,2,0,SupplierB,Medan,42.98,72,173
35,Sports,281.39,BrandB,16.37,3,0,1,0,SupplierB,Jakarta,15.38,766,96
52,Sports,244.98,BrandC,7.95,5,4,2,0,SupplierB,Jakarta,4.02,40,155
74,Sports,129.88,BrandC,17.02,10,0,4,0,SupplierA,Jakarta,13.48,41,154
75,Clothing,184.47,BrandD,0.63,7,5,3,0,SupplierC,Medan,4.56,356,91
52,Electronics,1101.78,BrandB,4.54,9,0,3,0,SupplierB,Medan,12.62,118,41
47,Furniture,554.57,BrandA,13.44,10,6,4,0,SupplierC,Medan,38.0,208,46
78,Food,14.11,BrandD,19.47,4,5,2,0,SupplierC,Medan,0.68,417,495
20,Electronics,1431.18,BrandB,9.82,8,5,3,0,SupplierA,Medan,13.67,854,24
18,Furniture,1114.05,BrandB,27.87,2,2,1,0,SupplierB,Bandung,20.75,956,13
75,Sports,368.5,BrandC,21.02,11,3,4,0,SupplierA,Surabaya,26.93,353,148
50,Furniture,1178.85,BrandD,15.75,4,6,2,0,SupplierB,Bandung,15.91,484,21
65,Furniture,644.86,BrandD,6.67,10,2,4,0,SupplierC,Bandung,42.25,102,34
34,Clothing,28.84,BrandD,2.37,6,4,2,0,SupplierC,Bandung,4.02,336,220
9,Sports,438.74,BrandD,1.38,4,5,2,0,SupplierB,Medan,49.87,764,195
8,Electronics,1374.45,BrandD,0.98,5,2,2,0,SupplierA,Surabaya,12.21,421,34
80,Sports,57.9,BrandB,21.84,11,1,4,0,SupplierA,Bandung,7.16,472,219
76,Electronics,296.02,BrandD,14.19,5,5,2,0,SupplierB,Bandung,22.84,309,73
74,Clothing,58.88,BrandD,1.76,5,5,2,1,SupplierB,Jakarta,41.5,405,426
82,Electronics,989.18,BrandD,5.48,4,4,2,0,SupplierB,Bandung,36.05,675,65
75,Clothing,72.15,BrandA,1.38,6,5,2,0,SupplierC,Jakarta,14.76,765,219
62,Sports,418.63,BrandC,6.8,5,5,2,0,SupplierC,Surabaya,5.76,986,100
47,Electronics,1457.45,BrandB,12.13,2,6,1,1,SupplierA,Medan,26.83,465,24
4,Food,13.13,BrandD,4.83,10,4,4,0,SupplierC,Surabaya,11.07,64,500
5,Furniture,228.34,BrandC,7.04,5,3,2,0,SupplierC,Medan,44.36,138,51
63,Sports,445.0,BrandD,16.55,10,3,4,1,SupplierC,Bandung,18.53,454,133
83,Furniture,1179.02,BrandB,21.53,6,0,2,0,SupplierB,Jakarta,48.41,971,24
73,Clothing,60.06,BrandA,0.47,4,0,2,0,SupplierA,Surabaya,10.36,221,188
17,Clothing,66.3,BrandC,2.95,9,2,3,0,SupplierA,Jakarta,33.05,26,300
54,Clothing,64.09,BrandC,0.47,9,0,3,0,SupplierA,Bandung,22.41,370,273
85,Sports,473.8,BrandA,1.56,9,2,3,0,SupplierB,Bandung,1.56,490,74
78,Electronics,295.54,BrandD,1.49,3,0,1,0,SupplierC,Medan,31.65,561,73
13,Food,39.03,BrandD,12.19,12,0,4,0,SupplierC,Surabaya,43.89,564,500
94,Furniture,1010.16,BrandB,22.94,2,2,1,0,SupplierB,Surabaya,12.74,976,12
13,Clothing,168.88,BrandD,0.37,12,5,4,0,SupplierA,Jakarta,27.82,600,240
37,Electronics,1328.52,BrandD,10.9,10,2,4,0,SupplierB,Medan,25.37,158,33
98,Furniture,1029.91,BrandB,21.54,5,4,2,0,SupplierA,Surabaya,42.26,997,27
98,Sports,33.9,BrandA,7.2,5,2,2,1,SupplierC,Surabaya,43.49,579,300
49,Furniture,200.93,BrandA,28.87,7,3,3,0,SupplierA,Jakarta,15.58,332,44
11,Electronics,1180.77,BrandA,1.03,5,3,2,0,SupplierA,Bandung,30.35,424,35
87,Food,30.89,BrandB,2.4,11,4,4,0,SupplierC,Jakarta,15.42,225,465
38,Electronics,1197.55,BrandB,11.53,6,0,2,0,SupplierB,Bandung,21.53,132,43
6,Furniture,179.28,BrandB,43.78,7,0,3,0,SupplierC,Surabaya,43.11,589,50
80,Furniture,122.94,BrandC,19.61,8,6,3,0,SupplierA,Medan,4.41,864,46
40,Electronics,881.15,BrandB,6.12,12,2,4,0,SupplierB,Medan,8.41,522,50
26,Clothing,58.71,BrandC,0.52,3,4,1,0,SupplierB,Bandung,32.78,181,244
83,Furniture,849.25,BrandD,44.69,11,4,4,0,SupplierC,Medan,31.36,154,32
60,Food,31.4,BrandC,1.67,8,0,3,0,SupplierC,Jakarta,14.35,660,444
84,Electronics,784.65,BrandD,12.2,4,2,2,0,SupplierB,Jakarta,7.54,63,34
57,Food,7.94,BrandA,14.21,9,4,3,0,SupplierC,Bandung,18.64,289,500
9,Furniture,968.15,BrandD,34.13,6,0,2,0,SupplierB,Jakarta,14.21,741,26
45,Sports,299.71,BrandB,3.96,5,5,2,0,SupplierB,Jakarta,6.45,725,91
17,Electronics,1036.54,BrandC,5.13,11,5,4,0,SupplierC,Medan,49.86,934,67
44,Furniture,439.75,BrandC,47.8,8,1,3,0,SupplierA,Surabaya,7.75,302,32
77,Electronics,1339.31,BrandA,9.39,7,1,3,0,SupplierC,Surabaya,34.64,639,39
57,Furniture,844.0,BrandA,15.69,10,2,4,0,SupplierB,Surabaya,22.45,546,25
57,Clothing,83.05,BrandC,2.85,8,6,3,0,SupplierB,Bandung,25.15,428,326
71,Sports,327.77,BrandB,21.92,2,5,1,0,SupplierB,Jakarta,6.23,85,81
29,Clothing,168.74,BrandC,0.37,8,2,3,0,SupplierB,Bandung,19.82,382,135
84,Food,74.81,BrandB,16.82,6,6,2,0,SupplierA,Surabaya,14.34,849,338
11,Furniture,593.46,BrandB,5.24,1,2,1,0,SupplierC,Medan,27.44,744,22
80,Food,8.58,BrandB,8.51,8,0,3,0,SupplierB,Jakarta,24.99,548,500
46,Electronics,578.65,BrandB,0.32,4,4,2,0,SupplierC,Bandung,33.41,536,76
48,Sports,40.9,BrandA,9.98,5,5,2,1,SupplierB,Medan,17.85,69,314
43,Food,62.86,BrandB,14.76,3,0,1,0,SupplierC,Jakarta,40.68,179,390
5,Furniture,887.65,BrandB,47.46,5,1,2,0,SupplierA,Jakarta,44.29,323,26
25,Food,24.0,BrandD,15.12,5,2,2,0,SupplierC,Medan,43.29,339,500
24,Furniture,1084.1,BrandD,22.4,8,5,3,0,SupplierC,Medan,39.86,273,33
70,Electronics,983.19,BrandD,12.39,5,2,2,0,SupplierA,Medan,33.05,313,41
46,Clothing,22.84,BrandD,2.62,10,3,4,0,SupplierB,Medan,39.57,58,376
78,Electronics,1438.63,BrandD,2.4,11,6,4,1,SupplierB,Bandung,3.36,797,39
48,Sports,345.95,BrandA,23.75,8,6,3,0,SupplierC,Bandung,26.47,407,134
67,Food,6.94,BrandC,3.88,7,4,3,0,SupplierA,Jakarta,13.01,456,500
92,Furniture,1038.11,BrandB,25.34,8,0,3,0,SupplierA,Bandung,42.28,327,31
92,Food,71.85,BrandA,17.06,12,5,4,0,SupplierC,Surabaya,18.07,229,356
60,Clothing,81.77,BrandB,1.76,9,1,3,0,SupplierB,Jakarta,3.29,407,191
10,Furniture,237.86,BrandD,19.27,8,3,3,0,SupplierB,Jakarta,6.42,848,39
39,Clothing,168.81,BrandB,1.6,3,1,1,0,SupplierB,Jakarta,11.27,970,92
36,Sports,114.22,BrandC,23.93,3,5,1,0,SupplierA,Surabaya,4.67,656,216
4,Clothing,170.87,BrandB,1.73,2,0,1,0,SupplierC,Surabaya,13.23,215,108
38,Sports,259.06,BrandD,15.87,11,2,4,0,SupplierC,Jakarta,40.37,415,246
78,Electronics,829.53,BrandB,3.3,3,2,1,0,SupplierB,Medan,36.71,881,66
31,Food,43.62,BrandD,2.3,8,0,3,0,SupplierA,Surabaya,7.04,51,314
93,Sports,410.47,BrandD,23.38,6,1,2,0,SupplierA,Bandung,49.8,478,164
59,Furniture,199.05,BrandC,22.7,4,1,2,0,SupplierB,Jakarta,2.53,506,27
34,Furniture,1031.89,BrandC,24.39,12,2,4,1,SupplierC,Jakarta,20.16,46,29
50,Furniture,498.78,BrandA,17.99,9,3,3,0,SupplierC,Bandung,41.27,638,44
19,Electronics,925.18,BrandD,5.67,4,4,2,0,SupplierB,Surabaya,2.01,39,36
18,Clothing,42.55,BrandC,2.69,6,4,2,0,SupplierB,Medan,49.53,757,392
43,Sports,247.95,BrandD,0.91,11,0,4,0,SupplierC,Surabaya,39.84,742,212
22,Electronics,1137.82,BrandD,8.88,9,5,3,0,SupplierB,Bandung,42.06,151,58
53,Sports,231.7,BrandA,10.76,12,1,4,0,SupplierA,Jakarta,30.57,482,216
62,Electronics,929.15,BrandB,14.97,9,3,3,0,SupplierC,Bandung,22.98,545,46
39,Food,25.93,BrandD,6.11,5,5,2,0,SupplierA,Bandung,24.45,491,500
51,Food,48.01,BrandC,10.96,6,6,2,0,SupplierB,Jakarta,2.1,978,305
35,Furniture,335.39,BrandC,42.26,9,5,3,0,SupplierC,Medan,30.78,600,44
53,Clothing,133.02,BrandB,0.25,6,5,2,0,SupplierA,Bandung,38.54,5,157
37,Clothing,103.33,BrandD,0.68,6,2,2,0,SupplierC,Medan,38.44,667,219
23,Sports,458.35,BrandB,4.79,1,6,1,0,SupplierC,Jakarta,9.32,766,82
59,Electronics,1406.99,BrandA,5.23,11,4,4,0,SupplierB,Jakarta,46.93,871,46
94,Sports,408.23,BrandD,8.6,8,5,3,0,SupplierB,Bandung,0.7,345,96
12,Clothing,167.99,BrandB,1.59,7,5,3,0,SupplierC,Medan,7.03,331,99
43,Clothing,58.57,BrandA,2.29,5,4,2,0,SupplierB,Medan,13.08,368,222
91,Electronics,727.04,BrandD,7.69,5,5,2,0,SupplierB,Bandung,47.03,376,78
78,Sports,249.53,BrandB,11.65,6,3,2,0,SupplierA,Bandung,23.54,550,180
73,Clothing,112.71,BrandA,1.15,2,0,1,0,SupplierC,Medan,25.27,586,103
88,Sports,430.15,BrandB,11.33,4,5,2,0,SupplierA,Surabaya,44.94,456,151
40,Sports,288.22,BrandD,16.98,12,0,4,0,SupplierB,Jakarta,0.15,223,124
8,Sports,185.37,BrandA,2.06,2,3,1,0,SupplierA,Medan,9.0,138,114
49,Furniture,1056.58,BrandC,45.8,2,5,1,0,SupplierB,Medan,6.65,880,10
29,Food,44.66,BrandA,14.61,1,6,1,1,SupplierA,Medan,48.92,474,461
25,Sports,241.1,BrandD,4.3,12,6,4,1,SupplierA,Bandung,33.01,629,288
77,Electronics,331.17,BrandB,0.79,11,5,4,1,SupplierA,Jakarta,37.03,411,133
74,Electronics,504.41,BrandB,13.77,6,4,2,0,SupplierC,Surabaya,40.92,242,87
72,Food,36.02,BrandB,5.65,10,5,4,0,SupplierC,Bandung,21.36,507,500
24,Furniture,549.09,BrandC,18.49,9,3,3,0,SupplierC,Medan,15.04,724,34
18,Clothing,194.04,BrandD,1.72,7,1,3,0,SupplierA,Medan,32.34,944,102
6,Sports,201.04,BrandB,15.32,2,1,1,0,SupplierA,Surabaya,36.22,572,152
28,Clothing,71.09,BrandD,2.74,4,5,2,0,SupplierA,Surabaya,37.72,936,312
69,Clothing,158.47,BrandD,1.2,11,2,4,0,SupplierA,Surabaya,25.64,509,235
27,Furniture,937.79,BrandA,19.41,6,2,2,1,SupplierC,Medan,43.2,759,42
73,Sports,114.17,BrandD,6.14,4,3,2,0,SupplierB,Bandung,34.24,263,258
18,Furniture,906.05,BrandD,20.85,12,4,4,0,SupplierB,Bandung,44.47,657,48
9,Electronics,378.74,BrandA,9.57,12,1,4,0,SupplierA,Medan,22.8,61,90
53,Sports,27.55,BrandD,13.54,1,0,1,0,SupplierC,Medan,26.79,293,222
80,Furniture,676.82,BrandB,15.84,9,2,3,0,SupplierA,Jakarta,39.75,80,40
88,Food,79.27,BrandD,4.67,2,5,1,0,SupplierB,Bandung,1.58,415,103
83,Electronics,307.49,BrandA,12.73,6,4,2,0,SupplierC,Bandung,44.74,941,107
88,Electronics,552.42,BrandB,13.89,5,4,2,0,SupplierA,Medan,8.97,870,47
73,Sports,465.86,BrandB,7.83,4,4,2,0,SupplierC,Medan,33.85,553,139
11,Food,64.29,BrandD,13.85,9,5,3,0,SupplierC,Bandung,21.85,858,367
58,Sports,324.38,BrandD,19.7,8,1,3,0,SupplierB,Jakarta,18.77,190,145
11,Sports,403.07,BrandD,17.97,5,1,2,0,SupplierA,Surabaya,31.7,757,110
17,Electronics,667.89,BrandA,4.27,2,1,1,0,SupplierB,Medan,27.74,417,49
42,Electronics,920.49,BrandA,9.07,7,0,3,0,SupplierA,Surabaya,38.96,742,75
35,Clothing,46.36,BrandB,0.88,8,1,3,0,SupplierC,Medan,13.8,306,195
64,Furniture,1138.64,BrandA,37.44,10,4,4,0,SupplierB,Surabaya,6.77,6,10
84,Sports,180.67,BrandD,20.48,10,1,4,0,SupplierB,Medan,47.36,205,228
89,Furniture,1165.6,BrandC,18.12,11,3,4,0,SupplierA,Medan,16.29,287,22
94,Electronics,1086.23,BrandB,8.39,8,5,3,0,SupplierC,Bandung,14.57,709,37
33,Electronics,380.93,BrandD,4.75,11,1,4,0,SupplierC,Medan,18.85,459,106
69,Furniture,969.79,BrandD,21.18,10,5,4,0,SupplierC,Jakarta,12.41,680,22
83,Food,47.24,BrandB,12.97,7,6,3,0,SupplierC,Jakarta,21.52,10,222
76,Sports,207.74,BrandB,19.42,12,4,4,0,SupplierB,Surabaya,1.23,107,187
45,Food,67.35,BrandD,14.66,5,2,2,0,SupplierA,Jakarta,26.06,356,234
3,Furniture,149.15,BrandC,36.99,6,5,2,0,SupplierA,Surabaya,8.22,758,46
60,Clothing,76.23,BrandB,1.34,4,6,2,0,SupplierC,Bandung,9.32,673,212
27,Sports,206.64,BrandB,17.77,5,6,2,0,SupplierB,Medan,3.13,104,155
86,Sports,114.6,BrandB,3.29,8,4,3,0,SupplierB,Surabaya,19.43,401,177
87,Furniture,1110.55,BrandB,31.56,3,2,1,0,SupplierC,Surabaya,5.85,382,14
63,Clothing,121.34,BrandD,1.33,11,4,4,0,SupplierB,Bandung,46.53,177,256
2,Clothing,129.59,BrandB,2.61,8,1,3,0,SupplierB,Medan,48.19,517,214
63,Furniture,557.19,BrandD,42.8,3,0,1,1,SupplierC,Medan,38.05,299,61
15,Food,46.23,BrandB,2.44,5,6,2,0,SupplierB,Medan,18.34,842,408
84,Electronics,1486.71,BrandD,1.81,4,2,2,0,SupplierC,Bandung,22.49,356,28
55,Electronics,1319.36,BrandB,9.27,3,4,1,0,SupplierA,Surabaya,40.68,824,39
91,Electronics,975.91,BrandC,2.78,5,2,2,0,SupplierC,Surabaya,42.9,921,57
19,Furniture,871.57,BrandA,10.97,12,2,4,0,SupplierB,Bandung,42.18,402,39
10,Furniture,790.59,BrandB,21.88,11,6,4,0,SupplierC,Surabaya,25.78,284,38
12,Furniture,1055.8,BrandD,43.12,12,3,4,0,SupplierB,Jakarta,17.91,64,18
42,Sports,415.93,BrandD,12.62,5,2,2,0,SupplierA,Medan,28.31,496,124
21,Electronics,221.17,BrandA,13.96,8,3,3,0,SupplierA,Medan,21.39,705,54
11,Clothing,32.27,BrandC,1.15,6,5,2,0,SupplierA,Surabaya,19.82,312,289
17,Furniture,101.19,BrandA,26.46,10,1,4,0,SupplierC,Jakarta,0.46,712,28
12,Food,40.83,BrandA,4.73,12,6,4,0,SupplierB,Bandung,18.38,306,500
45,Clothing,127.91,BrandB,0.58,12,1,4,0,SupplierA,Jakarta,45.99,630,350
94,Furniture,254.01,BrandB,10.54,7,2,3,0,SupplierA,Jakarta,6.99,283,34
39,Sports,426.99,BrandC,16.63,4,4,2,0,SupplierC,Jakarta,37.39,302,111
77,Electronics,346.57,BrandB,7.64,2,4,1,0,SupplierB,Medan,46.7,135,51
99,Furniture,939.0,BrandC,47.95,2,0,1,0,SupplierC,Bandung,13.11,40,18
54,Electronics,1017.14,BrandD,7.67,7,5,3,0,SupplierC,Surabaya,26.83,630,55
84,Electronics,707.95,BrandB,9.62,11,5,4,0,SupplierA,Surabaya,21.87,976,88
79,Clothing,186.06,BrandA,0.44,10,0,4,0,SupplierA,Jakarta,32.9,179,151
93,Electronics,879.91,BrandB,11.81,5,1,2,0,SupplierB,Surabaya,39.06,275,71
92,Electronics,553.57,BrandA,1.24,10,5,4,0,SupplierB,Medan,25.54,56,60
15,Food,72.07,BrandB,13.55,4,5,2,1,SupplierB,Jakarta,42.93,12,213
5,Clothing,85.85,BrandA,0.54,9,6,3,0,SupplierB,Surabaya,20.97,329,243
7,Food,13.96,BrandC,13.53,3,1,1,0,SupplierA,Surabaya,2.3,410,500
2,Electronics,625.49,BrandD,8.43,6,1,2,0,SupplierB,Surabaya,15.2,637,57
4,Furniture,265.62,BrandB,46.96,4,4,2,0,SupplierC,Bandung,34.67,9,29
14,Food,68.68,BrandA,14.6,4,4,2,0,SupplierC,Medan,48.06,995,415
96,Electronics,1111.1,BrandA,5.78,2,4,1,0,SupplierA,Medan,31.86,403,32
41,Electronics,507.8,BrandA,4.14,7,5,3,0,SupplierB,Bandung,15.9,278,71
53,Clothing,45.41,BrandA,1.45,2,4,1,0,SupplierA,Jakarta,10.38,315,220
91,Furniture,273.38,BrandC,35.87,12,4,4,0,SupplierA,Jakarta,42.83,151,78
23,Food,55.79,BrandD,5.35,1,3,1,0,SupplierC,Jakarta,37.4,255,286
100,Electronics,357.89,BrandD,1.21,4,1,2,0,SupplierA,Bandung,18.61,645,74
83,Sports,498.64,BrandC,5.34,8,6,3,0,SupplierA,Jakarta,42.36,828,105
56,Food,8.8,BrandA,18.5,12,3,4,1,SupplierA,Medan,34.16,176,500
32,Food,7.6,BrandC,12.46,11,2,4,0,SupplierB,Bandung,27.53,62,500
68,Electronics,745.01,BrandC,9.75,4,5,2,0,SupplierB,Bandung,0.98,391,49
41,Sports,206.42,BrandD,4.91,10,1,4,0,SupplierB,Surabaya,38.93,59,181
85,Furniture,1171.38,BrandC,9.51,4,2,2,0,SupplierC,Bandung,45.86,57,22
95,Sports,104.53,BrandD,15.02,12,2,4,1,SupplierB,Bandung,35.03,970,260
64,Sports,421.61,BrandB,20.35,9,2,3,0,SupplierC,Bandung,4.51,238,82
23,Furniture,987.09,BrandA,20.33,6,0,2,0,SupplierB,Bandung,35.23,145,26
76,Electronics,1115.9,BrandC,10.03,2,2,1,0,SupplierA,Surabaya,48.79,749,48
23,Furniture,345.56,BrandC,31.5,7,2,3,0,SupplierA,Surabaya,6.37,746,32
79,Electronics,436.71,BrandD,4.98,4,5,2,0,SupplierC,Jakarta,24.81,339,79
94,Food,66.62,BrandB,13.47,6,3,2,0,SupplierC,Jakarta,12.48,69,214
54,Food,8.61,BrandC,8.88,3,3,1,0,SupplierA,Jakarta,17.56,384,500
38,Sports,55.38,BrandB,21.22,1,2,1,0,SupplierA,Medan,3.71,174,139
12,Furniture,701.75,BrandB,45.42,6,4,2,0,SupplierC,Jakarta,35.23,441,39
53,Furniture,464.2,BrandB,48.85,12,4,4,1,SupplierA,Jakarta,46.28,553,81
71,Food,12.19,BrandC,7.98,8,1,3,0,SupplierB,Bandung,21.38,301,500
11,Furniture,327.65,BrandB,33.72,8,6,3,0,SupplierA,Jakarta,19.87,500,37
48,Food,18.87,BrandA,17.73,3,3,1,0,SupplierC,Medan,23.25,231,500
97,Clothing,164.51,BrandA,1.3,10,1,4,0,SupplierA,Surabaya,19.36,535,111
92,Furniture,623.89,BrandD,8.55,1,4,1,0,SupplierC,Bandung,40.02,693,31
55,Furniture,989.31,BrandB,10.68,2,5,1,0,SupplierA,Bandung,41.13,151,21
71,Sports,61.77,BrandC,14.13,6,6,2,0,SupplierB,Jakarta,45.86,12,164
75,Sports,91.83,BrandD,14.38,2,0,1,0,SupplierA,Medan,39.29,888,143
78,Sports,203.86,BrandC,12.4,8,0,3,0,SupplierB,Surabaya,7.19,623,138
35,Furniture,154.22,BrandC,26.38,6,0,2,0,SupplierC,Bandung,15.15,287,38
100,Furniture,430.53,BrandA,38.47,6,2,2,0,SupplierA,Bandung,32.28,192,30
21,Furniture,1003.12,BrandD,28.19,2,2,1,0,SupplierC,Surabaya,6.78,871,14
8,Sports,440.09,BrandA,5.42,4,0,2,0,SupplierA,Bandung,18.02,203,91
63,Sports,346.96,BrandD,6.43,10,3,4,0,SupplierC,Jakarta,23.73,564,170
37,Food,61.17,BrandC,13.84,1,3,1,0,SupplierA,Surabaya,28.61,988,230
99,Clothing,109.96,BrandB,2.61,11,0,4,0,SupplierB,Medan,32.37,615,315
36,Electronics,1126.56,BrandB,10.73,7,3,3,0,SupplierB,Surabaya,12.6,477,35
48,Sports,23.53,BrandD,24.99,9,5,3,0,SupplierC,Jakarta,14.92,110,282
34,Furniture,804.65,BrandA,43.77,11,5,4,0,SupplierB,Surabaya,7.5,783,34
84,Sports,346.76,BrandD,18.17,8,2,3,0,SupplierC,Surabaya,20.23,754,134
61,Electronics,1092.21,BrandB,9.68,11,2,4,0,SupplierB,Bandung,8.5,673,50
24,Electronics,1142.74,BrandD,8.52,11,2,4,0,SupplierA,Surabaya,17.76,762,47
16,Food,24.54,BrandD,6.02,8,0,3,0,SupplierB,Surabaya,29.02,635,500
20,Sports,274.32,BrandA,10.62,3,1,1,0,SupplierC,Medan,28.47,928,188
81,Furniture,956.84,BrandB,26.94,3,2,1,0,SupplierB,Bandung,22.6,214,24
52,Clothing,128.68,BrandD,1.94,7,3,3,1,SupplierA,Bandung,26.69,748,219
94,Food,6.34,BrandA,0.28,4,1,2,0,SupplierB,Bandung,15.6,105,467
67,Clothing,190.47,BrandA,1.42,10,4,4,0,SupplierA,Surabaya,34.34,137,142
52,Food,17.37,BrandD,18.16,1,1,1,0,SupplierB,Bandung,6.56,751,362
99,Electronics,687.75,BrandC,9.71,9,4,3,0,SupplierC,Jakarta,2.4,110,47
71,Electronics,741.81,BrandA,5.89,5,3,2,0,SupplierC,Jakarta,34.76,645,76
66,Electronics,744.47,BrandC,13.51,12,4,4,0,SupplierC,Bandung,39.24,509,90
21,Clothing,81.22,BrandB,1.29,1,4,1,0,SupplierB,Bandung,34.41,492,180
66,Electronics,393.89,BrandA,1.62,2,5,1,0,SupplierC,Medan,12.79,236,50
6,Furniture,155.09,BrandC,41.59,5,2,2,0,SupplierB,Medan,21.3,118,57
80,Electronics,627.26,BrandA,13.45,5,5,2,0,SupplierA,Bandung,17.14,116,73
62,Furniture,1019.28,BrandD,36.05,7,5,3,0,SupplierB,Surabaya,6.63,743,26
24,Clothing,163.42,BrandA,2.07,10,3,4,0,SupplierB,Medan,1.44,700,120
9,Clothing,179.2,BrandD,1.38,5,5,2,1,SupplierB,Jakarta,43.42,537,221
80,Sports,269.17,BrandB,17.36,2,3,1,0,SupplierC,Surabaya,24.1,679,90
65,Furniture,112.81,BrandB,47.05,8,6,3,0,SupplierC,Jakarta,3.74,503,40
31,Food,46.29,BrandA,7.7,2,3,1,0,SupplierC,Bandung,22.4,877,298
3,Furniture,1178.74,BrandD,38.54,2,3,1,1,SupplierB,Jakarta,27.45,845,19
44,Sports,334.21,BrandC,11.68,6,6,2,0,SupplierC,Bandung,42.22,339,202
98,Sports,363.64,BrandD,3.29,11,1,4,0,SupplierC,Surabaya,41.49,987,210
96,Food,41.93,BrandA,16.47,12,3,4,0,SupplierA,Bandung,9.8,123,369
54,Furniture,888.47,BrandB,9.85,1,5,1,0,SupplierB,Bandung,6.16,913,13
56,Sports,274.57,BrandB,1.69,10,3,4,0,SupplierB,Jakarta,45.51,708,208
78,Sports,69.71,BrandB,16.61,6,4,2,0,SupplierC,Bandung,30.45,709,246
96,Food,15.36,BrandC,12.13,9,2,3,0,SupplierB,Bandung,43.04,728,500
45,Sports,319.6,BrandB,7.62,11,1,4,0,SupplierA,Bandung,47.92,515,186
91,Electronics,957.65,BrandC,14.16,7,5,3,0,SupplierC,Medan,26.7,898,53
86,Furniture,127.8,BrandA,11.54,1,1,1,0,SupplierC,Jakarta,8.05,293,27
79,Electronics,666.29,BrandC,6.95,11,5,4,0,SupplierA,Jakarta,37.12,574,93
49,Furniture,862.23,BrandB,7.11,7,3,3,0,SupplierC,Surabaya,15.63,565,30
78,Clothing,154.69,BrandD,1.69,4,6,2,0,SupplierA,Surabaya,14.71,181,162
72,Electronics,690.36,BrandB,6.6,5,1,2,0,SupplierA,Jakarta,12.75,338,35
85,Electronics,1205.76,BrandB,9.49,5,3,2,0,SupplierB,Jakarta,17.9,802,39
70,Food,63.97,BrandB,3.36,9,3,3,0,SupplierA,Jakarta,44.17,679,331
31,Clothing,36.22,BrandD,1.1,11,4,4,0,SupplierC,Jakarta,1.99,906,312
4,Food,24.24,BrandD,14.53,9,6,3,0,SupplierA,Medan,40.14,456,500
99,Clothing,190.42,BrandC,0.59,9,4,3,0,SupplierC,Jakarta,10.54,644,96
95,Clothing,114.48,BrandD,2.14,7,5,3,0,SupplierA,Bandung,37.34,157,306
10,Electronics,431.39,BrandA,4.0,10,6,4,0,SupplierA,Jakarta,20.38,461,78
1,Furniture,528.45,BrandD,10.32,11,5,4,0,SupplierB,Jakarta,37.3,46,60
57,Sports,311.15,BrandA,7.4,7,3,3,0,SupplierB,Surabaya,23.7,546,137
38,Clothing,162.4,BrandB,2.56,11,1,4,0,SupplierC,Medan,45.71,814,264
69,Electronics,206.54,BrandB,9.07,9,0,3,0,SupplierA,Jakarta,37.07,743,78
33,Food,17.07,BrandB,4.57,4,0,2,0,SupplierB,Bandung,28.36,55,500
13,Sports,159.51,BrandD,2.15,4,5,2,0,SupplierC,Jakarta,16.54,131,143
58,Clothing,181.52,BrandA,1.02,6,4,2,0,SupplierB,Jakarta,29.21,579,97
95,Furniture,370.79,BrandB,14.97,11,3,4,0,SupplierA,Surabaya,6.72,750,39
71,Food,31.91,BrandD,6.25,2,1,1,0,SupplierB,Medan,42.09,879,448
65,Clothing,149.57,BrandC,2.69,11,0,4,0,SupplierC,Jakarta,20.26,604,141
61,Clothing,115.54,BrandA,3.0,11,6,4,0,SupplierC,Surabaya,11.17,790,179
85,Clothing,88.41,BrandD,1.56,4,6,2,0,SupplierC,Jakarta,34.21,775,231
85,Sports,105.99,BrandB,23.74,3,5,1,0,SupplierB,Bandung,17.94,224,223
47,Food,55.14,BrandC,10.45,7,3,3,0,SupplierA,Jakarta,2.0,664,229
70,Food,67.62,BrandA,5.41,10,1,4,0,SupplierC,Surabaya,18.26,669,266
63,Food,31.47,BrandD,17.38,8,4,3,0,SupplierA,Medan,6.95,169,366
47,Clothing,54.13,BrandA,0.64,10,5,4,0,SupplierC,Surabaya,11.52,830,240
32,Furniture,811.99,BrandD,23.49,1,1,1,0,SupplierA,Bandung,6.74,524,17
52,Electronics,535.74,BrandB,2.95,10,4,4,1,SupplierA,Bandung,35.98,677,115
53,Clothing,175.45,BrandD,0.59,10,1,4,0,SupplierC,Medan,38.37,638,100
9,Sports,462.73,BrandC,15.12,4,3,2,0,SupplierA,Surabaya,0.83,535,78
77,Furniture,295.16,BrandB,45.57,1,6,1,0,SupplierC,Jakarta,5.88,493,23
6,Clothing,111.58,BrandA,1.17,12,4,4,0,SupplierC,Medan,40.12,808,310
11,Sports,142.17,BrandA,19.26,5,4,2,0,SupplierB,Bandung,9.45,726,147
41,Electronics,687.54,BrandA,3.32,7,2,3,0,SupplierC,Jakarta,32.58,259,66
27,Sports,496.06,BrandC,10.24,7,4,3,0,SupplierC,Surabaya,8.94,572,81
51,Sports,297.27,BrandD,19.47,12,1,4,0,SupplierB,Surabaya,5.95,235,122
79,Clothing,160.43,BrandA,2.42,12,5,4,0,SupplierA,Medan,19.46,651,212
9,Electronics,1403.62,BrandA,6.7,5,1,2,0,SupplierA,Medan,1.89,393,26
82,Sports,473.94,BrandC,20.6,8,3,3,0,SupplierC,Jakarta,32.84,823,92
90,Sports,396.3,BrandC,13.01,4,4,2,0,SupplierA,Jakarta,17.99,670,118
2,Food,35.41,BrandD,4.17,12,5,4,0,SupplierB,Medan,27.48,743,500
59,Sports,128.62,BrandC,24.09,7,4,3,0,SupplierB,Surabaya,20.36,109,166
74,Food,70.71,BrandA,16.3,5,5,2,0,SupplierC,Surabaya,28.16,788,274
62,Clothing,180.86,BrandC,2.6,2,2,1,0,SupplierB,Medan,39.43,225,95
37,Food,57.56,BrandD,5.41,2,3,1,0,SupplierB,Jakarta,17.1,567,190
24,Clothing,55.43,BrandD,1.76,12,5,4,0,SupplierB,Surabaya,9.98,753,317
11,Clothing,43.86,BrandB,0.41,11,5,4,0,SupplierA,Surabaya,38.21,554,500
74,Electronics,840.04,BrandD,14.78,5,3,2,0,SupplierB,Surabaya,45.8,286,54
65,Clothing,103.49,BrandA,1.67,6,3,2,0,SupplierC,Medan,8.74,999,199
75,Electronics,215.37,BrandD,3.4,2,2,1,0,SupplierB,Jakarta,12.99,561,49
90,Sports,259.41,BrandC,5.66,6,2,2,0,SupplierB,Bandung,22.54,585,179
49,Clothing,163.76,BrandB,1.71,4,1,2,0,SupplierA,Surabaya,7.48,825,134
7,Clothing,61.43,BrandC,2.59,7,0,3,0,SupplierB,Surabaya,10.77,260,219
72,Furniture,385.75,BrandA,21.21,5,2,2,1,SupplierB,Surabaya,20.59,359,66
100,Clothing,75.14,BrandB,1.58,12,3,4,0,SupplierB,Surabaya,14.33,646,198
52,Clothing,93.04,BrandB,1.88,2,0,1,0,SupplierC,Surabaya,15.67,668,135
58,Furniture,922.69,BrandC,28.44,7,1,3,0,SupplierB,Surabaya,6.25,240,22
61,Food,34.78,BrandA,2.09,9,0,3,0,SupplierA,Bandung,26.2,85,500
81,Electronics,521.62,BrandD,4.48,3,1,1,0,SupplierB,Bandung,1.43,679,57
35,Food,78.12,BrandC,10.9,9,3,3,0,SupplierB,Medan,34.88,181,206
30,Sports,456.28,BrandD,12.3,2,3,1,0,SupplierC,Surabaya,12.99,310,54
2,Electronics,647.05,BrandA,7.2,12,3,4,1,SupplierC,Bandung,23.85,9,54
56,Sports,110.51,BrandB,22.11,7,1,3,0,SupplierA,Surabaya,32.3,848,171
98,Furniture,564.46,BrandB,15.78,10,6,4,0,SupplierB,Jakarta,14.23,760,31
80,Clothing,68.58,BrandA,1.95,8,2,3,0,SupplierA,Bandung,9.39,19,101
35,Clothing,49.4,BrandA,0.4,3,5,1,0,SupplierC,Jakarta,11.64,154,281
43,Furniture,610.05,BrandC,40.61,2,6,1,0,SupplierB,Surabaya,2.8,794,20
33,Furniture,299.76,BrandA,45.31,7,6,3,0,SupplierC,Medan,38.41,254,39
86,Clothing,151.03,BrandA,0.37,4,3,2,0,SupplierA,Medan,15.61,330,179
26,Clothing,61.86,BrandA,1.95,6,0,2,0,SupplierC,Jakarta,48.66,241,294
6,Clothing,88.22,BrandC,0.8,10,6,4,0,SupplierC,Jakarta,29.81,380,237
98,Electronics,318.82,BrandB,9.39,11,0,4,0,SupplierA,Medan,7.7,549,83
25,Clothing,164.02,BrandC,1.37,1,5,1,0,SupplierC,Surabaya,6.74,920,81
63,Electronics,926.73,BrandD,8.28,4,4,2,0,SupplierC,Medan,16.18,479,44
70,Sports,235.7,BrandB,20.58,6,3,2,0,SupplierA,Bandung,25.3,751,222
93,Clothing,158.56,BrandA,0.79,2,5,1,0,SupplierC,Surabaya,9.49,699,77
67,Sports,327.63,BrandC,3.21,11,0,4,0,SupplierB,Medan,6.49,894,147
83,Electronics,449.1,BrandB,0.77,7,5,3,0,SupplierA,Medan,35.07,262,96
60,Electronics,1406.92,BrandA,12.53,11,0,4,0,SupplierA,Medan,46.91,425,52
39,Food,44.68,BrandA,14.74,2,1,1,0,SupplierC,Surabaya,36.26,544,291
74,Clothing,153.03,BrandB,2.32,6,5,2,0,SupplierC,Medan,21.35,106,174
69,Clothing,108.37,BrandB,2.01,10,3,4,0,SupplierC,Medan,27.5,332,229
99,Furniture,719.46,BrandC,14.63,9,5,3,0,SupplierC,Bandung,22.62,982,30
67,Furniture,1181.25,BrandA,31.81,3,2,1,0,SupplierC,Jakarta,11.09,876,13
34,Food,39.53,BrandB,3.29,6,4,2,0,SupplierA,Jakarta,40.55,94,500
62,Sports,372.45,BrandD,18.23,3,3,1,0,SupplierC,Bandung,35.14,839,163
99,Food,10.89,BrandA,1.31,6,2,2,0,SupplierC,Medan,46.51,123,500
41,Clothing,25.01,BrandA,1.62,9,4,3,0,SupplierC,Medan,34.89,156,406
51,Furniture,344.29,BrandD,18.04,3,1,1,0,SupplierC,Jakarta,28.57,50,49
90,Sports,211.29,BrandD,11.15,3,6,1,0,SupplierB,Jakarta,9.91,404,157
88,Sports,147.8,BrandB,11.04,10,0,4,0,SupplierA,Jakarta,21.18,356,179
45,Clothing,157.39,BrandC,0.59,10,6,4,0,SupplierB,Jakarta,7.29,45,146
80,Food,13.43,BrandB,1.28,3,6,1,0,SupplierC,Jakarta,0.69,710,439
69,Electronics,229.57,BrandC,3.37,4,1,2,0,SupplierB,Medan,12.93,494,46
26,Electronics,532.09,BrandD,1.18,12,4,4,0,SupplierC,Jakarta,32.74,8,32
47,Electronics,1061.88,BrandD,13.72,2,0,1,0,SupplierC,Surabaya,32.47,236,41
59,Electronics,442.34,BrandC,7.66,9,5,3,1,SupplierB,Jakarta,46.11,312,124
46,Food,6.38,BrandD,13.75,11,2,4,0,SupplierB,Bandung,48.93,282,500
51,Furniture,348.14,BrandA,20.38,11,1,4,0,SupplierC,Surabaya,26.04,694,46
40,Sports,294.99,BrandB,10.95,10,2,4,0,SupplierB,Bandung,10.34,141,102
99,Clothing,94.56,BrandB,2.74,3,5,1,0,SupplierB,Bandung,15.87,570,194
4,Sports,422.97,BrandA,4.07,6,3,2,0,SupplierA,Surabaya,37.28,841,157
79,Food,14.87,BrandB,0.72,10,2,4,0,SupplierA,Jakarta,11.55,237,377
65,Clothing,142.31,BrandA,1.48,10,3,4,0,SupplierB,Jakarta,9.2,396,127
35,Clothing,156.44,BrandB,0.14,7,1,3,0,SupplierA,Medan,10.14,209,127
32,Electronics,1094.22,BrandB,13.04,7,3,3,1,SupplierB,Medan,36.77,389,63
6,Sports,236.77,BrandA,20.76,4,4,2,0,SupplierC,Jakarta,36.76,571,166
100,Furniture,583.51,BrandA,44.8,5,3,2,0,SupplierA,Surabaya,30.66,55,34
90,Furniture,297.75,BrandD,31.35,9,1,3,0,SupplierA,Jakarta,22.54,183,30
92,Furniture,375.09,BrandB,36.13,3,5,1,0,SupplierB,Jakarta,5.71,460,35
43,Furniture,148.3,BrandB,12.69,10,6,4,0,SupplierB,Medan,8.11,148,42
58,Clothing,72.26,BrandA,2.33,5,5,2,0,SupplierB,Surabaya,6.58,207,270
64,Electronics,906.55,BrandD,0.38,4,1,2,0,SupplierB,Medan,22.69,452,51
27,Electronics,1005.7,BrandA,8.5,1,1,1,0,SupplierA,Surabaya,17.45,148,35
23,Sports,43.54,BrandC,10.72,3,5,1,0,SupplierB,Jakarta,34.58,609,239
39,Sports,467.11,BrandB,2.78,6,2,2,0,SupplierB,Surabaya,37.92,863,94
27,Clothing,75.9,BrandA,1.3,12,1,4,0,SupplierC,Surabaya,28.57,644,313
34,Sports,224.99,BrandA,21.27,9,4,3,0,SupplierB,Surabaya,6.49,576,107
1,Furniture,879.45,BrandD,49.07,2,0,1,0,SupplierA,Bandung,5.9,868,15
82,Clothing,76.75,BrandD,1.73,4,0,2,0,SupplierB,Jakarta,14.08,809,236
93,Sports,349.2,BrandC,8.86,10,4,4,0,SupplierA,Jakarta,9.7,853,117
81,Food,53.42,BrandD,9.73,8,6,3,0,SupplierB,Jakarta,23.12,833,299
74,Sports,286.49,BrandC,0.96,11,2,4,0,SupplierC,Surabaya,39.79,67,265
22,Clothing,196.97,BrandC,1.92,10,4,4,0,SupplierA,Surabaya,5.84,801,84
48,Food,11.51,BrandA,17.57,8,6,3,0,SupplierB,Medan,15.12,114,437
62,Food,38.28,BrandA,0.69,9,1,3,0,SupplierA,Jakarta,24.17,894,321
50,Clothing,52.96,BrandA,0.21,12,6,4,0,SupplierC,Bandung,15.55,45,329
99,Sports,446.81,BrandA,3.03,11,5,4,1,SupplierB,Medan,37.92,654,235
35,Clothing,157.97,BrandC,2.05,3,1,1,0,SupplierB,Surabaya,47.91,573,171
91,Sports,283.7,BrandA,7.14,5,4,2,0,SupplierA,Surabaya,15.57,913,128
55,Clothing,34.6,BrandA,0.26,7,1,3,0,SupplierB,Jakarta,29.64,856,343
86,Furniture,999.19,BrandC,37.08,9,0,3,0,SupplierB,Surabaya,28.39,95,27
60,Furniture,852.93,BrandA,36.96,8,1,3,0,SupplierB,Surabaya,44.79,264,23
59,Food,64.16,BrandD,17.67,8,0,3,0,SupplierA,Surabaya,17.57,472,288
14,Food,35.43,BrandB,14.34,6,4,2,0,SupplierC,Jakarta,15.11,472,362
50,Furniture,702.74,BrandD,48.83,2,2,1,0,SupplierA,Bandung,29.55,803,28
63,Food,60.45,BrandB,14.3,2,4,1,0,SupplierA,Jakarta,27.75,841,220
77,Furniture,176.57,BrandB,9.89,7,2,3,0,SupplierB,Medan,3.07,222,42
79,Electronics,788.87,BrandB,4.59,10,3,4,0,SupplierC,Bandung,43.87,306,49
79,Sports,495.34,BrandC,14.78,9,3,3,0,SupplierB,Surabaya,14.71,378,98
90,Electronics,1325.38,BrandC,3.76,10,3,4,0,SupplierA,Surabaya,19.14,390,25
50,Furniture,622.36,BrandB,13.47,6,6,2,0,SupplierC,Bandung,49.87,686,50
18,Electronics,1055.3,BrandB,14.63,2,1,1,0,SupplierC,Medan,43.01,915,39
58,Sports,238.11,BrandD,10.89,7,2,3,0,SupplierC,Bandung,30.23,591,138
62,Sports,36.06,BrandC,1.43,12,2,4,0,SupplierB,Surabaya,48.09,81,394
32,Clothing,111.82,BrandC,1.87,8,5,3,0,SupplierB,Jakarta,33.44,700,198
61,Food,40.17,BrandA,10.35,10,5,4,0,SupplierB,Jakarta,48.03,817,468
39,Food,57.13,BrandC,12.03,12,6,4,0,SupplierA,Jakarta,31.47,592,500
36,Food,11.19,BrandA,10.21,5,1,2,0,SupplierB,Medan,42.89,14,364
23,Electronics,1056.9,BrandB,5.74,5,6,2,0,SupplierC,Bandung,9.04,540,45
53,Electronics,1288.9,BrandB,11.37,7,1,3,0,SupplierC,Bandung,31.88,215,35
22,Sports,382.63,BrandC,3.34,8,3,3,0,SupplierA,Surabaya,37.31,770,152
37,Furniture,683.49,BrandD,24.56,8,3,3,0,SupplierB,Bandung,26.51,978,32
84,Electronics,1443.04,BrandA,6.65,5,2,2,0,SupplierC,Surabaya,4.91,670,19
41,Clothing,140.38,BrandB,2.98,9,0,3,1,SupplierC,Surabaya,3.4,421,154
33,Electronics,656.97,BrandA,10.96,4,0,2,0,SupplierC,Medan,2.84,608,40
49,Sports,61.47,BrandA,15.31,11,6,4,0,SupplierC,Jakarta,48.36,917,319
82,Electronics,807.04,BrandB,14.06,8,2,3,0,SupplierB,Surabaya,45.17,788,70
34,Electronics,705.17,BrandC,14.94,5,1,2,0,SupplierA,Medan,48.97,205,68
56,Sports,72.05,BrandD,13.75,4,4,2,0,SupplierA,Medan,22.08,265,232
82,Sports,450.33,BrandC,4.15,1,0,1,0,SupplierB,Jakarta,7.58,337,58
94,Furniture,625.95,BrandA,23.18,2,4,1,1,SupplierC,Medan,47.71,837,40
83,Sports,212.3,BrandC,15.99,2,2,1,0,SupplierB,Surabaya,17.0,861,107
50,Furniture,294.28,BrandC,6.77,11,1,4,0,SupplierC,Bandung,44.82,645,67
76,Furniture,312.4,BrandB,37.39,4,3,2,0,SupplierA,Jakarta,27.03,315,38
93,Furniture,473.21,BrandD,20.2,1,3,1,0,SupplierA,Jakarta,32.69,535,23
19,Sports,463.91,BrandB,1.4,8,5,3,0,SupplierC,Bandung,45.9,46,135
13,Clothing,132.04,BrandB,2.72,8,4,3,0,SupplierA,Bandung,3.2,837,155
95,Sports,224.58,BrandB,20.38,11,3,4,0,SupplierA,Bandung,34.2,558,281
16,Clothing,124.72,BrandC,1.07,5,1,2,0,SupplierA,Jakarta,34.81,566,218
49,Sports,399.71,BrandA,15.99,3,0,1,0,SupplierA,Jakarta,0.36,948,93
82,Electronics,1100.07,BrandC,3.33,5,4,2,0,SupplierB,Medan,46.9,625,51
31,Furniture,482.64,BrandA,5.21,4,0,2,0,SupplierC,Surabaya,30.95,883,34
20,Sports,152.68,BrandB,5.25,11,6,4,0,SupplierB,Bandung,7.99,944,284
98,Food,30.07,BrandB,16.14,8,0,3,0,SupplierB,Surabaya,46.24,180,500
57,Clothing,28.11,BrandA,0.78,10,4,4,0,SupplierB,Jakarta,37.35,919,294
49,Food,60.33,BrandB,17.42,4,0,2,0,SupplierA,Bandung,2.72,446,293
59,Clothing,47.94,BrandB,1.18,12,1,4,0,SupplierC,Medan,13.48,343,359
22,Electronics,1307.15,BrandC,7.04,6,1,2,0,SupplierA,Jakarta,39.48,653,48
63,Sports,61.51,BrandB,21.5,4,4,2,0,SupplierC,Bandung,13.96,747,148
20,Clothing,179.99,BrandC,1.82,10,0,4,0,SupplierB,Bandung,2.0,481,106
13,Sports,250.05,BrandA,20.05,8,3,3,0,SupplierB,Medan,37.65,709,183
62,Clothing,134.81,BrandC,0.36,11,2,4,0,SupplierB,Bandung,42.9,765,173
52,Sports,390.48,BrandA,21.92,3,6,1,0,SupplierB,Medan,23.21,648,156
90,Furniture,426.25,BrandC,38.88,10,4,4,0,SupplierC,Jakarta,39.38,82,47
47,Sports,267.07,BrandC,22.8,1,0,1,0,SupplierC,Jakarta,30.96,374,103
62,Electronics,510.22,BrandB,1.97,12,6,4,0,SupplierA,Surabaya,35.14,771,127
7,Clothing,108.16,BrandC,1.33,2,2,1,0,SupplierB,Surabaya,25.07,849,168
9,Sports,403.95,BrandC,23.66,4,3,2,0,SupplierB,Surabaya,44.9,295,163
20,Electronics,345.63,BrandA,2.47,4,4,2,1,SupplierA,Surabaya,20.83,698,87
30,Food,26.86,BrandD,1.45,9,5,3,0,SupplierB,Jakarta,17.14,661,491
40,Food,39.35,BrandD,11.43,3,6,1,0,SupplierC,Medan,18.6,295,442
69,Food,51.4,BrandC,3.38,5,1,2,0,SupplierB,Bandung,34.64,682,383
17,Clothing,22.61,BrandB,1.02,8,2,3,0,SupplierA,Jakarta,28.12,35,245
4,Clothing,113.72,BrandC,0.45,7,3,3,0,SupplierB,Bandung,22.9,327,125
38,Clothing,134.74,BrandA,0.96,10,5,4,0,SupplierC,Surabaya,36.43,944,170
29,Furniture,438.89,BrandA,23.07,8,2,3,0,SupplierA,Jakarta,30.41,199,46
58,Sports,30.82,BrandB,13.69,11,5,4,0,SupplierB,Bandung,19.72,502,300
50,Electronics,1130.75,BrandC,6.59,6,0,2,0,SupplierB,Bandung,15.4,456,45
57,Sports,375.93,BrandA,10.68,5,1,2,0,SupplierA,Medan,44.89,746,162
68,Sports,165.55,BrandA,24.72,6,0,2,0,SupplierA,Bandung,4.42,419,145
18,Food,58.27,BrandD,15.15,4,1,2,0,SupplierA,Medan,27.69,43,354
20,Sports,127.77,BrandC,19.88,5,2,2,0,SupplierB,Medan,23.63,669,183
4,Food,73.01,BrandD,12.97,2,6,1,0,SupplierA,Medan,48.53,613,235
48,Sports,487.64,BrandD,20.55,9,5,3,1,SupplierB,Medan,12.98,595,86
21,Electronics,1341.81,BrandB,2.29,1,2,1,0,SupplierB,Medan,45.61,364,32
22,Electronics,1194.1,BrandB,9.1,9,2,3,0,SupplierC,Bandung,42.25,819,49
19,Food,12.19,BrandC,11.68,1,1,1,0,SupplierC,Surabaya,38.94,421,384
72,Electronics,1281.05,BrandB,11.99,10,5,4,0,SupplierA,Bandung,42.3,729,61
17,Sports,459.69,BrandA,3.36,1,3,1,0,SupplierB,Medan,18.13,836,36
29,Sports,33.8,BrandC,20.46,3,6,1,0,SupplierA,Surabaya,11.33,128,263
10,Clothing,142.8,BrandB,2.37,1,6,1,0,SupplierA,Medan,2.13,110,117
39,Sports,456.09,BrandA,1.56,11,0,4,0,SupplierB,Jakarta,6.19,616,105
96,Clothing,20.41,BrandB,0.52,5,4,2,0,SupplierA,Surabaya,42.76,799,356
37,Sports,273.84,BrandA,18.04,3,6,1,1,SupplierA,Jakarta,36.27,946,228
24,Clothing,96.34,BrandD,2.88,6,3,2,0,SupplierB,Bandung,11.38,115,187
37,Furniture,645.4,BrandA,21.26,9,5,3,0,SupplierC,Bandung,24.69,394,32
29,Food,56.53,BrandD,16.85,9,3,3,0,SupplierC,Surabaya,21.4,877,406
14,Furniture,1198.6,BrandC,27.12,7,3,3,0,SupplierA,Jakarta,4.25,146,14
22,Furniture,915.58,BrandD,45.16,2,2,1,0,SupplierC,Jakarta,29.75,413,23
52,Furniture,931.93,BrandC,41.04,6,3,2,0,SupplierC,Surabaya,20.22,496,29
64,Sports,71.86,BrandC,6.64,4,5,2,1,SupplierA,Medan,36.89,850,447
13,Clothing,43.26,BrandD,1.9,2,5,1,0,SupplierC,Surabaya,24.61,477,233
44,Clothing,105.7,BrandC,0.86,9,4,3,0,SupplierC,Medan,1.58,440,163
72,Furniture,605.62,BrandC,6.48,11,6,4,0,SupplierB,Medan,35.3,503,53
87,Furniture,636.2,BrandB,9.92,8,5,3,0,SupplierB,Medan,28.61,487,36
87,Electronics,968.36,BrandD,5.85,6,6,2,0,SupplierB,Medan,1.41,46,39
49,Clothing,156.56,BrandC,1.91,2,3,1,0,SupplierB,Jakarta,20.6,57,94
22,Food,70.17,BrandA,2.47,1,4,1,1,SupplierC,Jakarta,32.89,432,232
41,Sports,354.06,BrandD,14.91,7,4,3,0,SupplierB,Jakarta,4.89,500,122
56,Food,17.5,BrandD,6.13,4,3,2,0,SupplierC,Surabaya,39.36,860,500
52,Sports,42.82,BrandB,24.91,4,4,2,0,SupplierB,Surabaya,35.89,592,298
39,Electronics,651.51,BrandD,1.43,9,6,3,0,SupplierB,Bandung,27.0,204,76
3,Furniture,838.72,BrandD,29.64,11,5,4,0,SupplierB,Medan,28.84,218,36
8,Furniture,1128.1,BrandC,37.7,9,1,3,0,SupplierC,Medan,12.02,764,12
82,Food,69.51,BrandD,18.24,4,6,2,0,SupplierB,Surabaya,14.35,164,254
40,Furniture,311.11,BrandB,16.05,8,3,3,0,SupplierA,Bandung,21.1,927,51
36,Electronics,377.36,BrandB,4.1,11,4,4,0,SupplierA,Surabaya,2.11,739,70
53,Electronics,1327.32,BrandC,13.54,6,5,2,0,SupplierC,Surabaya,19.84,859,36
100,Clothing,111.56,BrandB,2.5,9,2,3,0,SupplierA,Jakarta,11.9,125,176
14,Sports,469.04,BrandD,5.84,3,1,1,0,SupplierC,Bandung,12.72,603,70
70,Electronics,1109.5,BrandD,1.96,7,3,3,0,SupplierC,Surabaya,13.89,803,43
7,Food,68.11,BrandC,13.31,12,6,4,0,SupplierA,Jakarta,27.64,316,377
51,Food,69.32,BrandA,7.89,5,2,2,0,SupplierC,Bandung,37.83,304,325
11,Furniture,968.25,BrandC,17.33,8,3,3,0,SupplierC,Medan,42.06,734,37
78,Furniture,656.97,BrandA,20.83,12,6,4,0,SupplierA,Surabaya,22.66,28,48
40,Clothing,15.57,BrandD,0.68,6,4,2,0,SupplierC,Bandung,12.48,730,209
34,Clothing,103.5,BrandD,2.23,3,5,1,0,SupplierB,Medan,39.98,203,303
72,Furniture,122.81,BrandD,6.03,11,4,4,0,SupplierC,Bandung,4.45,473,55
77,Clothing,24.21,BrandC,1.89,5,1,2,0,SupplierC,Bandung,8.51,580,288
25,Furniture,230.36,BrandD,37.11,5,2,2,0,SupplierC,Medan,6.51,876,43
19,Clothing,92.39,BrandB,1.28,1,2,1,0,SupplierB,Bandung,22.55,254,128
89,Furniture,246.53,BrandA,19.55,7,5,3,0,SupplierA,Medan,35.42,753,67
31,Sports,287.36,BrandC,1.78,8,2,3,0,SupplierA,Jakarta,48.36,612,181
48,Electronics,593.26,BrandC,6.1,3,4,1,0,SupplierC,Medan,13.01,515,42
56,Furniture,198.61,BrandC,36.96,3,2,1,0,SupplierB,Bandung,48.93,511,73
34,Food,50.97,BrandD,15.28,9,2,3,0,SupplierB,Surabaya,15.78,503,261
5,Clothing,42.49,BrandD,0.77,8,2,3,0,SupplierA,Bandung,21.82,916,279
19,Food,13.44,BrandD,14.45,2,2,1,0,SupplierB,Medan,14.21,854,346
68,Clothing,122.96,BrandC,2.92,10,1,4,0,SupplierC,Bandung,12.31,510,140
14,Electronics,712.42,BrandC,8.98,6,1,2,0,SupplierC,Jakarta,41.53,675,51
6,Furniture,753.62,BrandD,5.26,11,4,4,0,SupplierC,Surabaya,36.58,751,55
10,Clothing,74.79,BrandB,0.26,9,4,3,0,SupplierA,Surabaya,12.76,245,179
37,Furniture,279.23,BrandA,40.08,11,6,4,0,SupplierA,Bandung,14.93,820,44
63,Food,67.4,BrandB,10.35,8,3,3,0,SupplierB,Jakarta,30.02,92,323
6,Furniture,577.52,BrandC,24.17,9,2,3,0,SupplierC,Bandung,32.38,730,43
62,Sports,229.93,BrandA,22.73,5,1,2,0,SupplierB,Medan,15.02,254,178
66,Sports,284.48,BrandD,22.97,2,4,1,0,SupplierB,Jakarta,23.23,737,96
23,Food,13.55,BrandA,13.3,3,6,1,1,SupplierC,Jakarta,20.81,721,500
34,Food,61.8,BrandC,9.11,6,6,2,0,SupplierC,Medan,9.25,764,311
22,Electronics,207.6,BrandD,2.02,11,3,4,0,SupplierC,Jakarta,43.44,988,126
87,Sports,351.52,BrandD,24.1,7,6,3,0,SupplierB,Surabaya,6.76,195,120
56,Clothing,135.0,BrandA,1.98,11,6,4,0,SupplierA,Medan,4.3,788,197
20,Furniture,124.0,BrandB,12.47,12,5,4,0,SupplierB,Medan,23.57,880,63
92,Food,5.59,BrandD,12.68,7,3,3,0,SupplierA,Surabaya,28.93,748,500
93,Sports,211.85,BrandC,13.08,10,5,4,0,SupplierA,Medan,11.6,62,144
80,Food,71.69,BrandA,2.52,11,2,4,0,SupplierB,Medan,1.04,294,235
88,Clothing,57.94,BrandD,0.74,6,4,2,0,SupplierB,Medan,32.85,134,334
21,Furniture,975.57,BrandD,40.99,10,1,4,0,SupplierC,Surabaya,4.31,494,15
54,Clothing,127.06,BrandB,0.39,8,2,3,0,SupplierA,Bandung,2.35,18,64
15,Clothing,164.26,BrandB,1.08,10,1,4,0,SupplierC,Jakarta,24.32,348,154
66,Food,72.22,BrandA,17.1,10,5,4,0,SupplierC,Surabaya,46.33,448,377
14,Electronics,1270.69,BrandA,0.92,3,5,1,0,SupplierC,Jakarta,45.55,160,31
83,Food,59.94,BrandD,2.17,6,2,2,0,SupplierC,Medan,42.43,449,471
35,Electronics,572.79,BrandB,2.82,6,5,2,0,SupplierB,Surabaya,31.47,251,74
53,Clothing,163.33,BrandD,1.3,8,6,3,1,SupplierA,Bandung,39.73,370,275
22,Electronics,609.25,BrandA,14.73,7,0,3,0,SupplierA,Surabaya,33.01,656,66
90,Clothing,92.57,BrandA,2.67,9,6,3,0,SupplierC,Surabaya,15.68,352,246
70,Sports,234.17,BrandB,5.53,10,6,4,0,SupplierC,Medan,34.87,908,213
93,Furniture,140.67,BrandB,20.05,12,5,4,0,SupplierB,Jakarta,27.04,218,85
70,Sports,31.24,BrandC,22.31,10,2,4,0,SupplierC,Bandung,15.2,432,240
65,Sports,423.96,BrandA,6.86,6,0,2,0,SupplierC,Jakarta,47.07,459,124
92,Furniture,485.37,BrandC,17.8,10,5,4,0,SupplierA,Bandung,25.98,253,54
13,Electronics,1269.7,BrandC,5.61,3,5,1,0,SupplierC,Bandung,4.1,63,29
72,Clothing,140.21,BrandD,1.27,9,6,3,0,SupplierA,Surabaya,29.22,651,202
21,Furniture,904.89,BrandD,23.76,3,4,1,0,SupplierC,Medan,22.89,991,23
72,Electronics,242.39,BrandB,2.61,6,0,2,0,SupplierB,Medan,5.52,378,45
48,Sports,76.52,BrandC,7.97,5,2,2,1,SupplierA,Bandung,7.14,802,229
16,Food,66.43,BrandC,9.88,9,2,3,0,SupplierA,Bandung,20.88,586,261
78,Food,40.64,BrandD,14.46,3,6,1,0,SupplierB,Medan,23.05,460,435
44,Food,34.04,BrandA,18.02,9,0,3,0,SupplierC,Medan,36.8,661,479
91,Electronics,943.59,BrandB,12.0,5,4,2,0,SupplierC,Jakarta,27.97,197,62
24,Electronics,356.37,BrandB,14.06,1,2,1,0,SupplierB,Jakarta,41.48,859,59
3,Sports,212.86,BrandD,1.6,6,3,2,0,SupplierA,Surabaya,42.98,324,206
20,Electronics,437.47,BrandB,11.59,5,3,2,0,SupplierB,Bandung,30.72,333,80
19,Clothing,70.13,BrandA,0.39,7,2,3,0,SupplierC,Jakarta,41.39,123,322
41,Sports,475.69,BrandB,7.1,8,4,3,0,SupplierB,Medan,1.45,648,69
17,Clothing,60.57,BrandA,1.71,5,4,2,0,SupplierB,Jakarta,42.31,512,342
6,Food,77.1,BrandB,11.19,1,6,1,0,SupplierA,Medan,31.04,668,251
88,Clothing,65.56,BrandA,0.83,7,2,3,0,SupplierA,Medan,29.26,522,260
18,Sports,209.75,BrandA,3.51,12,4,4,0,SupplierB,Jakarta,10.54,516,216
35,Food,78.47,BrandC,14.21,4,5,2,0,SupplierC,Surabaya,22.99,613,194
23,Clothing,15.79,BrandA,0.13,7,4,3,0,SupplierC,Medan,38.12,551,455
57,Electronics,1360.34,BrandA,12.3,11,0,4,0,SupplierC,Jakarta,18.82,615,38
29,Electronics,1417.12,BrandA,6.84,12,0,4,1,SupplierB,Surabaya,14.06,943,49
64,Food,65.63,BrandB,4.58,6,0,2,0,SupplierA,Surabaya,35.2,620,325
95,Furniture,287.52,BrandA,13.72,10,5,4,0,SupplierB,Medan,8.78,602,45
67,Clothing,187.71,BrandA,2.58,12,6,4,0,SupplierA,Surabaya,33.9,993,171
7,Food,53.07,BrandD,18.87,6,3,2,0,SupplierA,Medan,13.7,696,256
93,Sports,268.28,BrandD,1.56,4,0,2,0,SupplierB,Surabaya,26.62,323,181
10,Electronics,1471.52,BrandA,6.53,4,1,2,0,SupplierC,Bandung,3.14,640,21
81,Electronics,1250.48,BrandA,9.01,6,6,2,0,SupplierB,Medan,23.68,981,40
75,Food,62.31,BrandB,12.58,2,0,1,0,SupplierA,Medan,18.87,911,206
56,Electronics,271.23,BrandB,9.28,2,0,1,0,SupplierA,Medan,2.61,870,39
55,Furniture,598.75,BrandB,25.89,10,4,4,0,SupplierC,Jakarta,46.88,801,46
2,Electronics,964.16,BrandD,1.89,10,5,4,0,SupplierC,Surabaya,42.04,926,52
32,Food,59.35,BrandC,9.0,3,6,1,0,SupplierB,Medan,15.58,446,285
44,Sports,90.76,BrandC,8.06,5,2,2,1,SupplierB,Bandung,25.88,673,286
26,Sports,113.8,BrandA,5.41,2,2,1,0,SupplierB,Surabaya,34.74,478,158
21,Sports,315.73,BrandC,10.76,2,3,1,0,SupplierC,Surabaya,24.8,942,112
43,Clothing,59.22,BrandD,2.23,12,3,4,0,SupplierC,Bandung,41.3,6,199
38,Food,7.25,BrandA,2.48,8,1,3,0,SupplierA,Surabaya,38.28,44,500
71,Food,58.91,BrandB,6.93,4,1,2,1,SupplierA,Surabaya,42.14,932,489
15,Electronics,692.6,BrandA,11.87,6,1,2,0,SupplierC,Bandung,18.48,381,46
17,Sports,76.88,BrandD,22.13,4,1,2,0,SupplierC,Jakarta,18.71,613,148
20,Furniture,1039.88,BrandB,18.24,6,1,2,0,SupplierA,Bandung,14.0,129,24
79,Furniture,963.13,BrandB,40.59,2,1,1,0,SupplierC,Jakarta,44.12,769,14
68,Sports,105.92,BrandC,17.96,12,3,4,0,SupplierB,Medan,23.69,595,202
31,Sports,449.54,BrandA,11.58,7,1,3,0,SupplierA,Bandung,18.85,160,111
57,Food,15.07,BrandC,1.86,9,2,3,0,SupplierC,Jakarta,23.26,636,500
23,Furniture,448.72,BrandD,22.21,8,1,3,0,SupplierB,Medan,17.95,84,42
5,Food,12.38,BrandA,1.61,9,1,3,0,SupplierB,Bandung,16.46,309,500
95,Food,79.88,BrandB,15.1,9,2,3,0,SupplierC,Bandung,14.09,354,135
98,Furniture,619.2,BrandD,28.07,3,6,1,0,SupplierC,Jakarta,36.17,214,35
25,Sports,183.52,BrandD,2.6,7,6,3,0,SupplierC,Medan,21.93,873,209
95,Sports,297.2,BrandA,3.64,1,3,1,0,SupplierB,Bandung,17.73,230,78
18,Furniture,724.34,BrandC,6.45,3,2,1,0,SupplierB,Jakarta,30.15,622,37
50,Sports,475.37,BrandD,2.06,4,3,2,0,SupplierB,Bandung,48.1,654,119
50,Electronics,234.89,BrandB,3.23,5,1,2,0,SupplierA,Medan,26.22,465,78
53,Electronics,423.37,BrandC,12.94,7,1,3,0,SupplierC,Jakarta,20.92,760,93
61,Clothing,94.96,BrandB,2.16,3,4,1,0,SupplierA,Surabaya,29.37,514,266
52,Furniture,1190.19,BrandC,25.06,10,6,4,0,SupplierA,Jakarta,45.52,900,19
39,Electronics,650.82,BrandA,12.69,7,4,3,0,SupplierB,Medan,8.76,255,52
73,Clothing,183.5,BrandD,0.63,2,3,1,0,SupplierB,Medan,11.98,891,85
28,Sports,355.06,BrandC,18.2,8,3,3,0,SupplierC,Jakarta,49.77,78,211
6,Electronics,414.29,BrandC,3.35,8,0,3,0,SupplierB,Medan,33.78,472,65
18,Clothing,61.36,BrandD,2.16,6,5,2,0,SupplierA,Jakarta,23.07,84,324
21,Sports,87.32,BrandB,20.6,3,6,1,0,SupplierC,Medan,8.86,127,173
28,Electronics,399.55,BrandA,5.56,12,0,4,0,SupplierC,Surabaya,22.1,48,90
7,Sports,233.11,BrandA,15.16,7,6,3,0,SupplierB,Surabaya,18.73,244,180
13,Electronics,1083.95,BrandA,1.23,11,1,4,0,SupplierB,Bandung,20.78,110,57
51,Food,51.85,BrandC,18.7,7,0,3,0,SupplierC,Bandung,17.83,177,405
36,Electronics,486.13,BrandD,9.97,11,4,4,1,SupplierA,Medan,44.27,420,146
42,Food,23.9,BrandD,2.08,11,5,4,0,SupplierA,Bandung,48.62,710,500
58,Food,6.32,BrandD,18.26,7,4,3,0,SupplierA,Surabaya,25.17,721,500
97,Electronics,601.5,BrandB,11.15,4,4,2,0,SupplierA,Jakarta,18.73,303,63
36,Electronics,1161.03,BrandB,5.13,6,5,2,0,SupplierC,Medan,26.04,424,53
7,Food,30.7,BrandA,4.28,11,1,4,0,SupplierA,Surabaya,35.98,622,500
25,Clothing,26.95,BrandD,1.53,1,5,1,0,SupplierC,Jakarta,6.28,177,157
22,Sports,224.6,BrandB,11.94,12,1,4,0,SupplierA,Jakarta,30.29,310,234
49,Clothing,190.94,BrandC,1.14,3,3,1,0,SupplierB,Jakarta,30.47,443,139
39,Clothing,94.07,BrandD,0.34,10,4,4,0,SupplierA,Medan,8.78,389,152
20,Furniture,250.32,BrandD,26.12,4,0,2,0,SupplierA,Surabaya,36.52,383,54
63,Furniture,1167.54,BrandD,21.79,5,5,2,0,SupplierB,Medan,44.25,943,30
45,Clothing,157.69,BrandB,2.28,9,5,3,0,SupplierB,Surabaya,18.41,59,191
47,Furniture,366.59,BrandD,6.55,11,5,4,1,SupplierC,Bandung,33.28,151,86
83,Clothing,17.28,BrandC,2.34,12,3,4,0,SupplierA,Bandung,48.71,82,500
39,Sports,418.28,BrandB,6.7,9,4,3,0,SupplierB,Bandung,29.3,751,85
27,Electronics,1258.5,BrandA,4.25,12,3,4,0,SupplierC,Surabaya,49.35,835,72
54,Furniture,951.12,BrandA,23.8,11,2,4,0,SupplierA,Jakarta,8.82,190,25
24,Clothing,49.34,BrandA,0.27,4,2,2,0,SupplierB,Bandung,31.34,639,262
9,Electronics,311.42,BrandB,2.13,6,0,2,0,SupplierA,Surabaya,24.26,778,80
78,Electronics,879.03,BrandA,0.41,9,6,3,0,SupplierA,Bandung,23.66,345,60
41,Sports,347.29,BrandD,8.91,4,2,2,0,SupplierB,Surabaya,30.54,998,131
18,Electronics,1142.79,BrandA,13.35,1,4,1,0,SupplierB,Medan,13.97,716,29
1,Clothing,110.26,BrandC,2.01,11,6,4,1,SupplierB,Medan,18.01,46,432
11,Furniture,540.18,BrandB,32.57,6,3,2,0,SupplierC,Medan,42.86,926,43
74,Electronics,1125.52,BrandD,13.09,12,4,4,0,SupplierB,Bandung,39.84,308,81
32,Furniture,630.39,BrandB,29.33,4,1,2,0,SupplierB,Jakarta,35.0,108,21
29,Furniture,1092.91,BrandA,39.48,12,2,4,0,SupplierA,Surabaya,44.88,126,26
99,Furniture,1059.13,BrandA,46.93,10,0,4,0,SupplierC,Surabaya,45.51,760,18
15,Furniture,385.0,BrandD,18.09,2,2,1,0,SupplierA,Bandung,9.41,964,27
25,Food,28.31,BrandD,11.88,7,3,3,0,SupplierC,Jakarta,39.88,956,500
41,Clothing,16.7,BrandB,2.57,3,6,1,0,SupplierA,Medan,24.99,466,363
74,Electronics,555.49,BrandC,12.76,8,5,3,0,SupplierB,Jakarta,14.57,989,72
94,Furniture,1010.67,BrandA,14.48,4,5,2,0,SupplierB,Bandung,43.27,183,35
45,Food,30.31,BrandB,13.62,7,3,3,0,SupplierA,Medan,14.15,713,342
7,Clothing,74.83,BrandD,2.39,12,2,4,0,SupplierA,Bandung,28.86,452,315
93,Clothing,151.03,BrandB,0.13,10,0,4,0,SupplierA,Bandung,42.92,385,166
7,Furniture,491.14,BrandB,26.32,2,4,1,0,SupplierA,Jakarta,21.69,152,23
23,Electronics,835.21,BrandA,10.41,11,5,4,0,SupplierA,Medan,49.56,686,89
48,Electronics,557.78,BrandD,9.9,1,0,1,0,SupplierC,Medan,24.46,684,51
62,Sports,401.28,BrandD,4.94,11,5,4,0,SupplierB,Jakarta,6.26,333,124
68,Electronics,711.94,BrandB,12.32,8,0,3,1,SupplierB,Jakarta,41.86,551,88
24,Electronics,434.86,BrandB,9.11,1,4,1,0,SupplierC,Jakarta,6.15,131,29
97,Sports,62.15,BrandB,6.79,1,0,1,0,SupplierC,Bandung,18.18,557,180
38,Electronics,1430.08,BrandB,7.94,11,4,4,0,SupplierB,Jakarta,24.52,320,53
6,Sports,350.21,BrandC,16.73,4,0,2,0,SupplierC,Bandung,42.8,220,191
71,Clothing,149.88,BrandC,1.32,5,2,2,0,SupplierB,Bandung,8.17,467,122
27,Electronics,1422.26,BrandC,2.41,2,5,1,0,SupplierC,Medan,31.66,661,26
49,Sports,171.85,BrandB,19.8,1,4,1,0,SupplierB,Bandung,6.23,112,123
43,Sports,327.29,BrandD,9.39,5,1,2,0,SupplierA,Surabaya,13.68,100,89
76,Furniture,679.12,BrandA,44.4,8,0,3,1,SupplierA,Bandung,17.45,585,50
97,Food,72.24,BrandC,3.58,7,1,3,0,SupplierC,Jakarta,33.89,807,219
92,Furniture,384.97,BrandD,35.9,3,5,1,0,SupplierC,Bandung,28.38,273,46
59,Electronics,1081.68,BrandC,6.45,3,3,1,0,SupplierC,Bandung,25.11,282,53
41,Clothing,190.28,BrandC,1.28,2,5,1,0,SupplierC,Jakarta,12.0,95,71
2,Clothing,117.52,BrandA,1.53,7,5,3,0,SupplierA,Surabaya,6.82,509,81
96,Sports,315.82,BrandA,22.82,1,5,1,0,SupplierB,Jakarta,37.48,250,121
98,Sports,483.03,BrandA,17.03,9,1,3,0,SupplierC,Medan,41.97,526,101
87,Furniture,1166.7,BrandD,20.21,4,6,2,0,SupplierA,Surabaya,42.89,297,24
73,Food,20.98,BrandD,14.81,7,1,3,0,SupplierB,Surabaya,47.96,527,500
39,Furniture,106.48,BrandD,25.72,6,0,2,0,SupplierA,Surabaya,36.12,411,55
66,Food,41.9,BrandA,1.88,3,3,1,0,SupplierA,Medan,0.35,787,285
35,Furniture,571.18,BrandC,13.2,2,3,1,0,SupplierB,Surabaya,8.09,362,19
18,Furniture,221.73,BrandA,17.82,7,3,3,0,SupplierB,Bandung,1.58,682,37
92,Food,46.26,BrandA,16.04,3,2,1,0,SupplierB,Medan,44.09,513,500
45,Furniture,971.98,BrandB,10.68,9,0,3,0,SupplierA,Jakarta,2.6,849,14
55,Electronics,566.89,BrandD,1.51,4,4,2,0,SupplierB,Surabaya,9.34,287,74
61,Electronics,1066.23,BrandC,6.61,12,6,4,0,SupplierC,Bandung,36.52,625,88
25,Sports,83.5,BrandB,1.44,3,3,1,0,SupplierA,Jakarta,4.55,52,250
29,Furniture,870.17,BrandD,49.11,6,3,2,0,SupplierC,Surabaya,21.35,52,25
24,Food,23.52,BrandC,17.92,1,0,1,0,SupplierC,Medan,16.08,292,363
63,Furniture,574.0,BrandC,16.35,6,2,2,0,SupplierC,Jakarta,33.45,699,28
78,Food,60.72,BrandC,11.86,6,1,2,0,SupplierC,Surabaya,29.22,89,295
84,Electronics,253.35,BrandB,14.53,4,1,2,0,SupplierC,Jakarta,4.93,964,54
71,Furniture,148.19,BrandB,13.63,12,2,4,1,SupplierC,Bandung,42.67,928,96
56,Sports,322.34,BrandC,3.38,2,3,1,0,SupplierB,Medan,47.62,809,150
95,Clothing,161.96,BrandC,2.11,7,3,3,0,SupplierA,Jakarta,25.67,76,150
78,Clothing,119.06,BrandD,1.23,5,1,2,1,SupplierC,Medan,28.59,606,234
91,Sports,165.64,BrandD,5.9,5,4,2,0,SupplierC,Surabaya,2.28,243,105
18,Food,75.65,BrandA,5.7,5,6,2,0,SupplierC,Bandung,49.0,843,325
34,Food,75.98,BrandC,17.7,12,1,4,0,SupplierB,Jakarta,14.74,58,282
69,Electronics,429.76,BrandC,14.58,11,6,4,0,SupplierA,Surabaya,29.16,739,108
81,Food,29.32,BrandB,4.24,7,1,3,0,SupplierB,Bandung,36.31,377,464
23,Clothing,48.58,BrandD,0.64,4,4,2,0,SupplierA,Medan,9.02,288,244
32,Clothing,27.85,BrandD,0.31,8,5,3,0,SupplierC,Bandung,26.34,744,333
98,Electronics,226.93,BrandA,12.45,11,0,4,0,SupplierB,Medan,4.18,146,97
18,Electronics,1308.54,BrandA,1.55,8,6,3,0,SupplierC,Surabaya,40.77,314,42
81,Food,9.19,BrandD,13.9,9,0,3,0,SupplierA,Bandung,5.14,303,500
19,Furniture,126.4,BrandB,24.22,6,5,2,0,SupplierA,Bandung,43.95,393,80
37,Electronics,491.88,BrandD,14.36,6,0,2,0,SupplierA,Jakarta,18.02,946,82
87,Sports,274.63,BrandB,15.19,7,1,3,0,SupplierA,Medan,31.24,293,144
92,Food,54.63,BrandA,18.67,2,6,1,0,SupplierB,Medan,48.9,796,311
55,Furniture,996.11,BrandD,10.09,12,2,4,0,SupplierC,Medan,49.74,186,34
53,Furniture,566.22,BrandC,36.2,10,6,4,0,SupplierB,Medan,40.11,669,53
50,Sports,275.59,BrandD,20.62,2,4,1,0,SupplierC,Medan,28.89,710,108
3,Clothing,15.53,BrandA,2.98,6,4,2,0,SupplierA,Surabaya,46.05,61,425
54,Clothing,169.52,BrandC,1.7,4,1,2,0,SupplierB,Bandung,37.35,120,143
7,Clothing,143.78,BrandD,1.33,12,0,4,0,SupplierC,Jakarta,23.84,608,218
54,Food,10.78,BrandB,11.47,3,6,1,0,SupplierA,Bandung,7.01,540,500
2,Food,38.3,BrandD,12.97,5,0,2,0,SupplierB,Surabaya,32.12,618,470
74,Electronics,920.4,BrandD,12.49,9,2,3,0,SupplierB,Medan,46.57,278,52
51,Electronics,720.52,BrandD,1.12,3,6,1,0,SupplierA,Bandung,30.25,79,75
55,Food,9.1,BrandD,7.56,4,2,2,0,SupplierB,Bandung,18.14,797,466
28,Food,17.21,BrandA,2.31,10,0,4,0,SupplierA,Surabaya,9.39,206,446
6,Food,47.28,BrandA,15.85,1,2,1,0,SupplierC,Jakarta,0.42,365,192
46,Food,28.59,BrandD,7.93,3,5,1,0,SupplierC,Bandung,20.36,759,420
5,Clothing,103.24,BrandA,2.62,5,1,2,0,SupplierC,Medan,3.94,640,161
65,Electronics,1199.47,BrandB,2.67,9,5,3,0,SupplierA,Bandung,46.51,349,50
88,Food,8.0,BrandC,14.31,7,1,3,0,SupplierC,Medan,30.34,981,500
71,Clothing,41.39,BrandD,2.62,2,3,1,0,SupplierA,Jakarta,8.49,302,170
34,Food,18.44,BrandC,15.48,8,2,3,0,SupplierA,Jakarta,32.51,143,500
80,Electronics,1316.7,BrandD,6.19,11,1,4,0,SupplierA,Surabaya,42.24,974,53
95,Furniture,782.68,BrandD,33.97,4,5,2,0,SupplierB,Jakarta,7.73,107,28
60,Food,69.04,BrandD,4.62,11,0,4,0,SupplierA,Medan,32.12,921,384
41,Clothing,51.9,BrandA,1.05,6,4,2,0,SupplierB,Medan,37.06,117,283
28,Food,76.14,BrandD,3.08,6,4,2,0,SupplierA,Bandung,38.71,63,295
98,Furniture,332.64,BrandD,6.03,11,3,4,0,SupplierA,Jakarta,8.81,145,44
54,Electronics,587.84,BrandC,10.77,9,1,3,0,SupplierB,Jakarta,9.2,55,69
61,Food,31.2,BrandC,8.5,9,5,3,0,SupplierA,Bandung,34.83,363,500
79,Sports,57.35,BrandD,16.87,3,2,1,0,SupplierA,Bandung,46.95,760,323
87,Electronics,849.28,BrandB,4.95,7,2,3,0,SupplierB,Bandung,49.41,965,54
25,Clothing,21.75,BrandD,2.26,7,5,3,0,SupplierC,Jakarta,30.05,221,275
65,Sports,27.77,BrandA,22.47,2,5,1,0,SupplierB,Surabaya,22.8,420,239
15,Food,44.24,BrandC,15.35,3,3,1,0,SupplierC,Medan,27.64,166,355
14,Furniture,1194.9,BrandC,41.27,2,5,1,0,SupplierC,Jakarta,20.56,508,12
86,Sports,261.61,BrandA,20.24,5,6,2,0,SupplierC,Medan,38.84,564,193
91,Furniture,554.23,BrandA,41.92,12,3,4,0,SupplierB,Medan,39.11,519,59
54,Food,28.05,BrandC,18.07,11,1,4,0,SupplierC,Surabaya,20.73,15,384
31,Sports,480.4,BrandC,24.82,9,3,3,0,SupplierB,Bandung,19.67,52,87
41,Sports,489.13,BrandD,4.76,9,1,3,0,SupplierA,Medan,35.5,129,75
12,Furniture,1143.57,BrandC,14.17,1,3,1,1,SupplierC,Bandung,31.44,607,18
94,Clothing,120.78,BrandA,0.17,3,3,1,0,SupplierC,Jakarta,17.91,245,165
36,Clothing,157.52,BrandB,2.01,2,1,1,1,SupplierC,Medan,49.24,887,158
24,Electronics,339.2,BrandA,4.45,2,0,1,0,SupplierB,Jakarta,45.64,212,56
88,Electronics,1446.98,BrandD,1.42,7,3,3,0,SupplierA,Medan,22.54,164,32
5,Clothing,137.04,BrandC,1.93,2,2,1,0,SupplierA,Bandung,30.7,559,152
98,Food,45.2,BrandA,10.46,3,1,1,0,SupplierA,Jakarta,44.93,30,486
35,Food,59.58,BrandB,18.81,5,3,2,0,SupplierA,Jakarta,17.43,564,263
26,Furniture,1114.58,BrandD,16.25,11,6,4,0,SupplierC,Medan,19.64,597,23
58,Sports,477.81,BrandC,12.45,7,4,3,0,SupplierA,Bandung,15.94,110,71
66,Sports,235.71,BrandC,22.29,5,4,2,0,SupplierB,Jakarta,41.33,660,183
55,Sports,75.03,BrandC,20.32,3,2,1,0,SupplierB,Jakarta,32.85,380,267
73,Electronics,1131.84,BrandC,3.44,6,1,2,0,SupplierC,Jakarta,14.18,217,41
86,Sports,363.81,BrandB,23.68,2,4,1,0,SupplierA,Surabaya,37.81,325,107
16,Electronics,1487.34,BrandD,6.49,8,1,3,0,SupplierB,Jakarta,19.14,590,23
52,Electronics,1385.14,BrandC,4.48,1,4,1,1,SupplierA,Jakarta,32.24,71,22
72,Furniture,929.06,BrandC,23.02,6,3,2,1,SupplierB,Surabaya,14.92,465,31
2,Furniture,132.22,BrandA,7.15,3,0,1,0,SupplierB,Jakarta,36.21,231,59
15,Food,24.48,BrandA,15.74,1,2,1,0,SupplierC,Jakarta,34.4,810,428
16,Furniture,1117.34,BrandC,31.26,3,2,1,0,SupplierC,Bandung,29.21,870,23
36,Furniture,735.67,BrandA,34.76,6,6,2,0,SupplierC,Bandung,4.59,784,26
27,Food,54.46,BrandA,14.76,12,0,4,0,SupplierB,Bandung,3.01,13,157
98,Furniture,474.5,BrandB,41.63,9,4,3,0,SupplierB,Jakarta,47.22,725,42
47,Furniture,1105.54,BrandB,14.85,7,3,3,0,SupplierC,Jakarta,10.15,409,17
96,Clothing,42.25,BrandC,2.64,2,1,1,0,SupplierC,Jakarta,9.35,29,180
46,Furniture,230.16,BrandD,29.76,7,1,3,0,SupplierB,Surabaya,21.54,341,50
38,Electronics,1151.6,BrandA,6.51,4,3,2,0,SupplierC,Medan,26.48,505,44
29,Sports,330.25,BrandD,23.99,2,0,1,0,SupplierA,Jakarta,11.94,544,91
89,Sports,68.63,BrandD,18.48,5,3,2,0,SupplierB,Medan,10.18,652,205
90,Food,12.07,BrandC,10.16,10,3,4,0,SupplierC,Jakarta,45.33,244,500
61,Clothing,41.24,BrandB,0.14,7,2,3,0,SupplierB,Medan,13.19,78,292
63,Clothing,194.37,BrandA,1.79,4,3,2,1,SupplierC,Surabaya,0.87,696,134
43,Sports,68.0,BrandB,20.2,8,3,3,0,SupplierA,Jakarta,27.29,679,232
91,Furniture,114.92,BrandC,20.87,6,4,2,0,SupplierB,Medan,43.26,863,57
19,Sports,431.01,BrandA,16.65,6,3,2,0,SupplierA,Medan,37.05,996,115
82,Furniture,313.23,BrandC,47.97,2,2,1,0,SupplierA,Jakarta,44.96,460,49
54,Clothing,179.28,BrandC,1.23,5,2,2,1,SupplierC,Surabaya,26.0,351,161
45,Sports,292.0,BrandA,19.92,5,0,2,1,SupplierB,Medan,24.95,701,227
38,Sports,165.75,BrandC,7.56,1,3,1,0,SupplierC,Bandung,41.27,126,192
1,Electronics,759.42,BrandD,10.01,1,2,1,0,SupplierB,Jakarta,14.16,879,22
56,Sports,88.47,BrandB,18.46,10,0,4,0,SupplierA,Surabaya,23.66,363,219
34,Clothing,193.88,BrandD,0.38,5,4,2,0,SupplierB,Medan,21.79,896,96
11,Clothing,117.54,BrandC,0.97,5,4,2,0,SupplierA,Medan,9.17,801,189
88,Furniture,863.55,BrandA,27.67,12,2,4,0,SupplierA,Medan,23.33,984,34
39,Sports,382.81,BrandA,15.57,4,4,2,0,SupplierB,Jakarta,31.04,921,133
60,Sports,80.45,BrandC,16.92,9,3,3,0,SupplierA,Medan,2.73,849,183
16,Sports,351.48,BrandA,21.68,12,4,4,0,SupplierB,Medan,35.85,718,192
82,Clothing,40.23,BrandB,2.7,3,2,1,0,SupplierC,Medan,49.46,6,190
67,Clothing,43.31,BrandA,2.65,2,1,1,0,SupplierA,Jakarta,1.23,517,115
24,Furniture,429.92,BrandD,26.77,4,6,2,0,SupplierA,Jakarta,41.08,697,42
85,Electronics,440.25,BrandD,12.33,4,1,2,0,SupplierA,Jakarta,27.33,487,80
86,Furniture,1155.0,BrandC,27.18,5,3,2,0,SupplierB,Jakarta,5.37,426,15
83,Food,5.83,BrandD,6.19,11,5,4,0,SupplierA,Medan,45.41,363,500
46,Clothing,66.23,BrandD,2.95,9,6,3,0,SupplierC,Medan,17.44,723,209
18,Clothing,100.0,BrandB,2.59,5,6,2,0,SupplierB,Surabaya,46.17,69,282
100,Furniture,733.64,BrandD,46.73,11,4,4,0,SupplierB,Bandung,16.2,978,30
13,Furniture,1037.23,BrandA,12.16,11,0,4,0,SupplierA,Jakarta,23.82,778,25
54,Clothing,149.71,BrandB,1.21,2,0,1,0,SupplierA,Bandung,1.87,767,102
18,Sports,71.68,BrandA,11.51,11,4,4,0,SupplierA,Surabaya,12.62,448,287
25,Food,37.55,BrandB,10.66,2,4,1,0,SupplierA,Bandung,33.43,208,363
94,Electronics,642.92,BrandC,10.33,11,4,4,0,SupplierB,Jakarta,10.37,847,70
81,Furniture,981.76,BrandC,24.75,7,6,3,0,SupplierB,Bandung,6.36,529,20
38,Clothing,19.17,BrandA,2.48,5,3,2,0,SupplierC,Surabaya,43.62,161,392
65,Food,68.99,BrandA,18.65,5,3,2,0,SupplierC,Bandung,34.88,113,205
98,Food,36.61,BrandA,4.17,1,1,1,0,SupplierA,Surabaya,36.69,946,289
79,Electronics,1247.36,BrandB,8.59,12,6,4,1,SupplierB,Jakarta,40.37,354,113
6,Sports,474.37,BrandA,7.13,2,0,1,0,SupplierC,Medan,32.52,441,66
26,Furniture,1124.37,BrandC,6.19,9,4,3,0,SupplierA,Jakarta,34.18,18,10
16,Furniture,704.5,BrandB,10.2,10,2,4,0,SupplierB,Medan,21.83,59,31
69,Clothing,57.02,BrandB,2.27,10,0,4,1,SupplierA,Jakarta,35.99,832,400
32,Furniture,445.54,BrandB,32.11,5,1,2,0,SupplierB,Jakarta,32.88,672,45
46,Electronics,843.41,BrandA,11.11,4,3,2,0,SupplierB,Bandung,18.35,564,48
91,Sports,45.92,BrandC,22.56,10,3,4,0,SupplierB,Jakarta,45.6,861,353
19,Sports,78.92,BrandB,18.26,1,1,1,0,SupplierB,Bandung,38.21,975,206
8,Electronics,590.54,BrandC,14.49,5,6,2,0,SupplierB,Medan,0.94,391,59
56,Furniture,326.3,BrandD,13.3,9,0,3,0,SupplierA,Bandung,27.08,356,59
80,Food,61.79,BrandC,6.95,7,6,3,0,SupplierC,Bandung,46.43,770,363
37,Electronics,1438.22,BrandA,14.01,9,3,3,0,SupplierC,Medan,28.42,531,30
36,Furniture,408.77,BrandB,35.72,2,1,1,0,SupplierA,Jakarta,16.88,404,36
99,Electronics,1057.0,BrandC,11.8,10,0,4,0,SupplierB,Surabaya,33.04,856,49
62,Furniture,613.08,BrandA,48.46,11,6,4,0,SupplierB,Jakarta,2.93,961,42
34,Electronics,1439.28,BrandC,6.77,5,2,2,0,SupplierC,Surabaya,11.37,178,28
57,Electronics,439.53,BrandB,7.75,10,2,4,0,SupplierA,Jakarta,11.4,974,71
31,Food,45.53,BrandC,1.09,6,0,2,0,SupplierA,Surabaya,5.66,79,315
42,Food,70.69,BrandD,3.03,10,6,4,0,SupplierA,Medan,20.41,667,304
20,Food,17.02,BrandD,1.08,10,0,4,0,SupplierB,Jakarta,40.4,523,500
93,Sports,418.75,BrandC,1.3,3,3,1,0,SupplierA,Medan,3.92,79,64
7,Clothing,171.81,BrandD,1.63,10,3,4,0,SupplierC,Jakarta,22.05,275,138
15,Clothing,57.71,BrandC,1.01,12,1,4,0,SupplierA,Surabaya,44.01,370,486
78,Electronics,1389.03,BrandC,9.9,4,3,2,0,SupplierC,Jakarta,28.47,846,44
44,Clothing,127.03,BrandD,2.41,6,0,2,0,SupplierC,Bandung,25.25,151,179
2,Sports,451.94,BrandD,21.97,3,0,1,0,SupplierC,Bandung,27.73,952,95
68,Electronics,1486.91,BrandD,2.25,7,3,3,0,SupplierA,Bandung,34.85,247,31
93,Food,49.36,BrandA,12.41,1,0,1,0,SupplierB,Surabaya,47.5,932,281
76,Furniture,906.79,BrandC,37.57,9,0,3,0,SupplierB,Bandung,29.68,378,30
36,Furniture,294.39,BrandD,37.51,2,1,1,0,SupplierB,Medan,2.41,530,27
19,Furniture,450.44,BrandC,13.03,1,6,1,0,SupplierB,Medan,36.55,440,31
16,Sports,67.74,BrandC,7.48,5,2,2,0,SupplierC,Surabaya,44.27,295,309
66,Sports,87.68,BrandA,5.57,3,0,1,0,SupplierA,Surabaya,47.99,552,268
27,Sports,419.6,BrandB,1.13,5,4,2,0,SupplierA,Medan,26.04,850,75
36,Electronics,541.97,BrandD,13.01,12,5,4,0,SupplierB,Medan,40.18,762,124
81,Clothing,108.81,BrandA,0.9,12,4,4,0,SupplierB,Bandung,35.34,322,305
32,Electronics,1433.94,BrandC,9.52,3,4,1,0,SupplierA,Jakarta,11.01,200,24
37,Food,66.04,BrandD,14.72,3,1,1,0,SupplierA,Medan,47.54,877,346
89,Furniture,880.99,BrandA,6.75,5,4,2,0,SupplierB,Bandung,11.74,357,20
63,Furniture,1062.54,BrandB,35.06,11,3,4,0,SupplierB,Bandung,24.05,98,29
23,Food,23.55,BrandD,8.61,8,2,3,0,SupplierB,Surabaya,34.85,721,500
35,Clothing,142.14,BrandD,0.18,9,1,3,0,SupplierB,Medan,3.04,790,114
35,Furniture,538.55,BrandD,46.06,8,5,3,0,SupplierB,Medan,40.93,315,58
15,Furniture,689.61,BrandD,40.08,10,4,4,0,SupplierA,Bandung,26.99,973,32
47,Electronics,1051.41,BrandC,7.92,9,1,3,0,SupplierB,Jakarta,19.78,735,32
94,Clothing,76.33,BrandC,0.73,4,0,2,0,SupplierA,Surabaya,37.76,539,307
99,Furniture,431.61,BrandA,15.35,12,1,4,0,SupplierA,Surabaya,6.18,802,46
65,Furniture,1048.18,BrandD,8.44,12,5,4,1,SupplierA,Surabaya,36.63,20,58
40,Sports,113.26,BrandB,15.34,6,3,2,0,SupplierA,Medan,15.11,469,197
29,Clothing,84.67,BrandA,1.35,7,4,3,0,SupplierB,Medan,45.38,546,241
4,Furniture,597.5,BrandD,31.0,7,6,3,0,SupplierB,Jakarta,23.84,111,38
63,Food,12.15,BrandC,3.55,10,1,4,0,SupplierA,Jakarta,30.82,484,441
20,Clothing,91.19,BrandA,2.25,1,2,1,0,SupplierB,Surabaya,20.33,5,71
84,Food,45.92,BrandB,6.4,4,2,2,0,SupplierC,Medan,25.72,879,390
21,Electronics,688.39,BrandD,11.43,9,5,3,0,SupplierC,Jakarta,21.88,995,49
63,Electronics,421.94,BrandA,12.11,3,5,1,0,SupplierB,Medan,19.97,303,103
38,Food,47.29,BrandC,3.49,9,5,3,0,SupplierC,Surabaya,47.6,380,500
96,Sports,121.1,BrandC,8.59,12,6,4,0,SupplierB,Medan,35.75,485,392
89,Clothing,72.69,BrandD,0.64,2,4,1,0,SupplierA,Jakarta,3.06,479,131
45,Sports,325.44,BrandB,22.14,11,0,4,0,SupplierA,Surabaya,41.04,888,170
94,Food,10.81,BrandD,3.22,4,2,2,0,SupplierB,Bandung,5.12,816,500
79,Sports,484.0,BrandD,18.56,11,3,4,0,SupplierB,Surabaya,39.17,221,162
7,Clothing,176.8,BrandB,1.04,3,4,1,0,SupplierA,Medan,33.24,334,161
61,Food,33.3,BrandA,7.83,6,2,2,0,SupplierA,Medan,26.53,904,432
63,Clothing,170.38,BrandC,1.73,12,6,4,0,SupplierC,Bandung,27.9,445,187
45,Food,69.15,BrandB,15.46,12,3,4,0,SupplierA,Surabaya,43.81,942,473
76,Clothing,81.78,BrandA,0.67,5,2,2,0,SupplierA,Medan,45.79,514,272
90,Electronics,1034.18,BrandC,6.15,12,2,4,0,SupplierA,Surabaya,48.56,843,95
97,Furniture,620.79,BrandD,44.37,9,6,3,1,SupplierB,Bandung,1.44,915,39
8,Clothing,92.62,BrandB,2.55,8,5,3,0,SupplierA,Jakarta,4.87,557,181
76,Sports,450.91,BrandA,4.65,12,2,4,1,SupplierB,Surabaya,33.22,426,235
57,Electronics,1147.64,BrandA,1.53,1,2,1,0,SupplierA,Bandung,25.27,177,24
90,Electronics,353.03,BrandC,7.15,2,4,1,0,SupplierB,Surabaya,45.9,186,51
28,Electronics,1196.74,BrandB,11.89,11,2,4,0,SupplierB,Jakarta,36.21,252,54
36,Clothing,85.17,BrandB,0.93,3,4,1,0,SupplierB,Jakarta,41.76,279,331
63,Clothing,144.05,BrandB,0.87,6,4,2,0,SupplierB,Surabaya,32.09,460,197
90,Clothing,43.81,BrandA,1.75,7,2,3,0,SupplierC,Medan,39.81,212,257
5,Food,24.37,BrandC,9.46,2,4,1,0,SupplierA,Bandung,23.76,478,309
2,Furniture,792.42,BrandA,44.12,3,3,1,0,SupplierB,Jakarta,32.39,102,29
3,Clothing,101.37,BrandC,0.64,8,6,3,0,SupplierB,Bandung,28.8,445,239
52,Clothing,126.17,BrandC,1.5,5,0,2,0,SupplierC,Surabaya,45.04,519,187
4,Electronics,1440.18,BrandD,6.19,3,4,1,0,SupplierB,Surabaya,44.33,988,34
12,Sports,398.51,BrandB,1.82,5,6,2,0,SupplierA,Surabaya,17.31,405,97
40,Clothing,52.08,BrandD,0.6,2,1,1,0,SupplierA,Bandung,21.83,741,182
88,Food,30.85,BrandA,9.52,7,5,3,0,SupplierB,Bandung,33.42,851,500
18,Furniture,241.35,BrandB,39.34,7,6,3,0,SupplierA,Medan,40.99,747,69
4,Sports,341.54,BrandA,24.27,4,4,2,0,SupplierB,Medan,18.46,348,108
18,Sports,459.0,BrandA,16.32,8,1,3,0,SupplierC,Medan,21.77,347,86
34,Clothing,139.93,BrandC,1.49,7,1,3,0,SupplierB,Medan,25.87,108,182
2,Furniture,821.46,BrandA,23.2,3,2,1,0,SupplierB,Jakarta,19.2,465,33
15,Furniture,567.48,BrandD,38.39,10,6,4,0,SupplierA,Surabaya,25.1,799,41
55,Furniture,222.84,BrandC,13.05,9,6,3,0,SupplierC,Surabaya,4.0,7,16
6,Sports,228.75,BrandC,11.89,2,6,1,0,SupplierA,Medan,2.5,613,132
4,Food,55.62,BrandC,15.38,9,2,3,0,SupplierB,Surabaya,20.85,457,293
23,Sports,275.01,BrandA,10.21,2,4,1,0,SupplierB,Jakarta,7.23,505,107
94,Furniture,857.89,BrandC,15.98,9,4,3,1,SupplierB,Medan,16.33,39,40
39,Electronics,639.1,BrandD,9.66,7,3,3,0,SupplierC,Jakarta,37.34,738,96
79,Electronics,942.16,BrandD,14.93,9,4,3,0,SupplierA,Bandung,34.71,50,49
78,Furniture,404.54,BrandC,35.21,7,1,3,0,SupplierC,Bandung,0.25,212,34
82,Electronics,557.2,BrandD,7.1,6,0,2,0,SupplierC,Bandung,35.45,226,83
50,Sports,324.69,BrandD,8.55,8,4,3,0,SupplierC,Medan,15.98,842,134
87,Furniture,331.7,BrandB,36.4,7,2,3,1,SupplierB,Medan,42.61,990,79
58,Food,27.8,BrandA,15.07,11,3,4,0,SupplierA,Surabaya,29.25,639,500
96,Food,61.35,BrandD,5.82,8,1,3,0,SupplierB,Jakarta,6.58,621,264
21,Furniture,727.82,BrandB,13.04,12,3,4,0,SupplierA,Jakarta,37.56,428,46
88,Sports,322.53,BrandC,16.77,11,6,4,0,SupplierB,Surabaya,26.78,401,214
37,Furniture,1116.3,BrandC,12.99,1,4,1,0,SupplierB,Bandung,23.2,176,15
82,Electronics,1466.52,BrandD,6.33,1,4,1,0,SupplierC,Medan,31.0,82,17
88,Electronics,416.4,BrandC,9.49,2,2,1,0,SupplierC,Bandung,44.18,669,53
23,Furniture,505.97,BrandB,44.36,8,5,3,0,SupplierA,Medan,14.65,915,45
60,Furniture,1188.68,BrandB,40.85,9,5,3,0,SupplierC,Medan,41.89,893,23
87,Clothing,16.27,BrandB,0.19,7,6,3,0,SupplierB,Jakarta,43.11,72,437
8,Sports,230.49,BrandA,20.78,5,6,2,0,SupplierC,Jakarta,36.26,40,136
19,Food,37.14,BrandD,2.66,5,6,2,0,SupplierC,Medan,39.58,739,500
83,Food,20.76,BrandB,2.12,12,0,4,0,SupplierA,Medan,24.58,250,500
34,Food,29.8,BrandC,9.12,10,2,4,1,SupplierB,Medan,7.0,534,491
73,Food,28.0,BrandC,14.37,11,2,4,0,SupplierC,Surabaya,33.66,158,500
30,Clothing,173.94,BrandB,0.85,1,6,1,0,SupplierC,Surabaya,7.42,12,40
76,Sports,486.75,BrandD,16.27,9,2,3,0,SupplierB,Bandung,43.27,496,129
9,Clothing,180.97,BrandD,0.14,6,1,2,0,SupplierA,Medan,7.5,623,105
2,Clothing,120.34,BrandC,1.95,12,6,4,0,SupplierB,Medan,26.21,233,205
43,Clothing,88.72,BrandC,0.39,9,0,3,0,SupplierC,Jakarta,26.74,759,217
24,Electronics,518.1,BrandD,12.02,12,5,4,0,SupplierC,Bandung,34.48,467,107
